Edges count:,2112
Element count:,1024
¹,q,q*,|q - q*|
0,9.60170e-01,9.60170e-01,5.66699e-11
1,9.60170e-01,9.60170e-01,5.66699e-11
2,9.60170e-01,9.60170e-01,5.66699e-11
3,9.60170e-01,9.60170e-01,5.66699e-11
4,9.60170e-01,9.60170e-01,5.66699e-11
5,9.60170e-01,9.60170e-01,5.66699e-11
6,9.60170e-01,9.60170e-01,5.66699e-11
7,9.60170e-01,9.60170e-01,5.66699e-11
8,9.60170e-01,9.60170e-01,5.66699e-11
9,9.60170e-01,9.60170e-01,5.66699e-11
10,9.60170e-01,9.60170e-01,5.66699e-11
11,9.60170e-01,9.60170e-01,5.66699e-11
12,9.60170e-01,9.60170e-01,5.66699e-11
13,9.60170e-01,9.60170e-01,5.66699e-11
14,9.60170e-01,9.60170e-01,5.66699e-11
15,9.60170e-01,9.60170e-01,5.66699e-11
16,9.60170e-01,9.60170e-01,5.66699e-11
17,9.60170e-01,9.60170e-01,5.66699e-11
18,9.60170e-01,9.60170e-01,5.66699e-11
19,9.60170e-01,9.60170e-01,5.66699e-11
20,9.60170e-01,9.60170e-01,5.66699e-11
21,9.60170e-01,9.60170e-01,5.66699e-11
22,9.60170e-01,9.60170e-01,5.66699e-11
23,9.60170e-01,9.60170e-01,5.66699e-11
24,9.60170e-01,9.60170e-01,5.66699e-11
25,9.60170e-01,9.60170e-01,5.66699e-11
26,9.60170e-01,9.60170e-01,5.66699e-11
27,9.60170e-01,9.60170e-01,5.66699e-11
28,9.60170e-01,9.60170e-01,5.66699e-11
29,9.60170e-01,9.60170e-01,5.66699e-11
30,9.60170e-01,9.60170e-01,5.66699e-11
31,9.60170e-01,9.60170e-01,5.66699e-11
32,2.79415e-01,2.79415e-01,1.02525e-09
33,6.09224e-01,6.11682e-01,2.45856e-03
34,8.54676e-01,8.58934e-01,4.25814e-03
35,9.81561e-01,9.86808e-01,5.24715e-03
36,9.72171e-01,9.77530e-01,5.35934e-03
37,8.27768e-01,8.32391e-01,4.62290e-03
38,5.68386e-01,5.71561e-01,3.17493e-03
39,2.30057e-01,2.31294e-01,1.23719e-03
40,-1.40214e-01,-1.41120e-01,9.05622e-04
41,-4.90975e-01,-4.93920e-01,2.94500e-03
42,-7.73483e-01,-7.78073e-01,4.59044e-03
43,-9.48477e-01,-9.54086e-01,5.60842e-03
44,-9.91641e-01,-9.97495e-01,5.85407e-03
45,-8.96977e-01,-9.02268e-01,5.29085e-03
46,-6.77643e-01,-6.81639e-01,3.99534e-03
47,-3.64126e-01,-3.66273e-01,2.14635e-03
48,-9.17149e-08,0.00000e+00,9.17149e-08
49,3.64126e-01,3.66273e-01,2.14653e-03
50,6.77643e-01,6.81639e-01,3.99548e-03
51,8.96977e-01,9.02268e-01,5.29096e-03
52,9.91641e-01,9.97495e-01,5.85420e-03
53,9.48477e-01,9.54086e-01,5.60859e-03
54,7.73483e-01,7.78073e-01,4.59053e-03
55,4.90976e-01,4.93920e-01,2.94479e-03
56,1.40215e-01,1.41120e-01,9.05352e-04
57,-2.30057e-01,-2.31294e-01,1.23668e-03
58,-5.68387e-01,-5.71561e-01,3.17430e-03
59,-8.27767e-01,-8.32391e-01,4.62379e-03
60,-9.72172e-01,-9.77530e-01,5.35846e-03
61,-9.81560e-01,-9.86808e-01,5.24756e-03
62,-8.54677e-01,-8.58934e-01,4.25765e-03
63,-6.09224e-01,-6.11682e-01,2.45826e-03
64,-2.79415e-01,-2.79415e-01,1.82036e-09
65,7.90327e-01,7.91104e-01,7.76605e-04
66,7.90327e-01,7.91104e-01,7.76554e-04
67,7.90328e-01,7.91104e-01,7.75354e-04
68,7.90326e-01,7.91104e-01,7.77175e-04
69,7.90328e-01,7.91104e-01,7.75498e-04
70,7.90327e-01,7.91104e-01,7.76805e-04
71,7.90327e-01,7.91104e-01,7.76277e-04
72,7.90327e-01,7.91104e-01,7.76155e-04
73,7.90327e-01,7.91104e-01,7.76319e-04
74,7.90327e-01,7.91104e-01,7.76372e-04
75,7.90327e-01,7.91104e-01,7.76346e-04
76,7.90327e-01,7.91104e-01,7.76326e-04
77,7.90327e-01,7.91104e-01,7.76333e-04
78,7.90327e-01,7.91104e-01,7.76334e-04
79,7.90327e-01,7.91104e-01,7.76326e-04
80,7.90327e-01,7.91104e-01,7.76318e-04
81,7.90327e-01,7.91104e-01,7.76302e-04
82,7.90327e-01,7.91104e-01,7.76277e-04
83,7.90327e-01,7.91104e-01,7.76263e-04
84,7.90327e-01,7.91104e-01,7.76295e-04
85,7.90327e-01,7.91104e-01,7.76340e-04
86,7.90327e-01,7.91104e-01,7.76261e-04
87,7.90327e-01,7.91104e-01,7.76066e-04
88,7.90327e-01,7.91104e-01,7.76246e-04
89,7.90327e-01,7.91104e-01,7.76910e-04
90,7.90327e-01,7.91104e-01,7.76419e-04
91,7.90328e-01,7.91104e-01,7.75285e-04
92,7.90326e-01,7.91104e-01,7.77428e-04
93,7.90328e-01,7.91104e-01,7.75693e-04
94,7.90327e-01,7.91104e-01,7.76314e-04
95,7.90327e-01,7.91104e-01,7.76434e-04
96,7.90327e-01,7.91104e-01,7.76244e-04
97,2.79415e-01,2.79415e-01,1.02525e-09
98,6.09224e-01,6.11682e-01,2.45836e-03
99,8.54678e-01,8.58934e-01,4.25699e-03
100,9.81560e-01,9.86808e-01,5.24816e-03
101,9.72172e-01,9.77530e-01,5.35847e-03
102,8.27767e-01,8.32391e-01,4.62373e-03
103,5.68387e-01,5.71561e-01,3.17464e-03
104,2.30057e-01,2.31294e-01,1.23702e-03
105,-1.40214e-01,-1.41120e-01,9.05517e-04
106,-4.90975e-01,-4.93920e-01,2.94495e-03
107,-7.73483e-01,-7.78073e-01,4.59048e-03
108,-9.48477e-01,-9.54086e-01,5.60853e-03
109,-9.91641e-01,-9.97495e-01,5.85420e-03
110,-8.96977e-01,-9.02268e-01,5.29099e-03
111,-6.77643e-01,-6.81639e-01,3.99549e-03
112,-3.64126e-01,-3.66273e-01,2.14653e-03
113,7.60176e-08,0.00000e+00,7.60176e-08
114,3.64126e-01,3.66273e-01,2.14639e-03
115,6.77643e-01,6.81639e-01,3.99540e-03
116,8.96977e-01,9.02268e-01,5.29093e-03
117,9.91641e-01,9.97495e-01,5.85413e-03
118,9.48477e-01,9.54086e-01,5.60841e-03
119,7.73483e-01,7.78073e-01,4.59046e-03
120,4.90975e-01,4.93920e-01,2.94523e-03
121,1.40214e-01,1.41120e-01,9.05876e-04
122,-2.30056e-01,-2.31294e-01,1.23738e-03
123,-5.68386e-01,-5.71561e-01,3.17504e-03
124,-8.27768e-01,-8.32391e-01,4.62263e-03
125,-9.72171e-01,-9.77530e-01,5.35955e-03
126,-9.81561e-01,-9.86808e-01,5.24742e-03
127,-8.54677e-01,-8.58934e-01,4.25763e-03
128,-6.09224e-01,-6.11682e-01,2.45837e-03
129,-2.79415e-01,-2.79415e-01,1.82036e-09
130,5.11731e-01,5.12085e-01,3.54689e-04
131,5.11732e-01,5.12085e-01,3.53868e-04
132,5.11731e-01,5.12085e-01,3.54635e-04
133,5.11731e-01,5.12085e-01,3.54040e-04
134,5.11731e-01,5.12085e-01,3.54505e-04
135,5.11731e-01,5.12085e-01,3.54112e-04
136,5.11731e-01,5.12085e-01,3.54421e-04
137,5.11731e-01,5.12085e-01,3.54278e-04
138,5.11731e-01,5.12085e-01,3.54259e-04
139,5.11731e-01,5.12085e-01,3.54335e-04
140,5.11731e-01,5.12085e-01,3.54308e-04
141,5.11731e-01,5.12085e-01,3.54305e-04
142,5.11731e-01,5.12085e-01,3.54320e-04
143,5.11731e-01,5.12085e-01,3.54310e-04
144,5.11731e-01,5.12085e-01,3.54305e-04
145,5.11731e-01,5.12085e-01,3.54315e-04
146,5.11731e-01,5.12085e-01,3.54319e-04
147,5.11731e-01,5.12085e-01,3.54301e-04
148,5.11731e-01,5.12085e-01,3.54270e-04
149,5.11731e-01,5.12085e-01,3.54252e-04
150,5.11731e-01,5.12085e-01,3.54275e-04
151,5.11731e-01,5.12085e-01,3.54334e-04
152,5.11731e-01,5.12085e-01,3.54345e-04
153,5.11731e-01,5.12085e-01,3.54242e-04
154,5.11731e-01,5.12085e-01,3.54272e-04
155,5.11731e-01,5.12085e-01,3.54520e-04
156,5.11731e-01,5.12085e-01,3.54126e-04
157,5.11731e-01,5.12085e-01,3.54183e-04
158,5.11731e-01,5.12085e-01,3.54399e-04
159,5.11731e-01,5.12085e-01,3.54140e-04
160,5.11731e-01,5.12085e-01,3.54407e-04
161,5.11731e-01,5.12085e-01,3.54325e-04
162,2.79415e-01,2.79415e-01,1.02525e-09
163,6.09224e-01,6.11682e-01,2.45817e-03
164,8.54677e-01,8.58934e-01,4.25767e-03
165,9.81561e-01,9.86808e-01,5.24741e-03
166,9.72171e-01,9.77530e-01,5.35905e-03
167,8.27767e-01,8.32391e-01,4.62314e-03
168,5.68386e-01,5.71561e-01,3.17487e-03
169,2.30057e-01,2.31294e-01,1.23702e-03
170,-1.40214e-01,-1.41120e-01,9.05644e-04
171,-4.90975e-01,-4.93920e-01,2.94498e-03
172,-7.73483e-01,-7.78073e-01,4.59049e-03
173,-9.48477e-01,-9.54086e-01,5.60852e-03
174,-9.91641e-01,-9.97495e-01,5.85417e-03
175,-8.96977e-01,-9.02268e-01,5.29095e-03
176,-6.77643e-01,-6.81639e-01,3.99545e-03
177,-3.64126e-01,-3.66273e-01,2.14647e-03
178,2.14379e-08,0.00000e+00,2.14379e-08
179,3.64126e-01,3.66273e-01,2.14643e-03
180,6.77643e-01,6.81639e-01,3.99541e-03
181,8.96977e-01,9.02268e-01,5.29091e-03
182,9.91641e-01,9.97495e-01,5.85414e-03
183,9.48477e-01,9.54086e-01,5.60850e-03
184,7.73483e-01,7.78073e-01,4.59047e-03
185,4.90975e-01,4.93920e-01,2.94494e-03
186,1.40214e-01,1.41120e-01,9.05612e-04
187,-2.30057e-01,-2.31294e-01,1.23701e-03
188,-5.68386e-01,-5.71561e-01,3.17498e-03
189,-8.27767e-01,-8.32391e-01,4.62321e-03
190,-9.72171e-01,-9.77530e-01,5.35891e-03
191,-9.81560e-01,-9.86808e-01,5.24753e-03
192,-8.54677e-01,-8.58934e-01,4.25747e-03
193,-6.09224e-01,-6.11682e-01,2.45819e-03
194,-2.79415e-01,-2.79415e-01,1.82036e-09
195,1.62760e-01,1.61895e-01,8.64399e-04
196,1.62760e-01,1.61895e-01,8.64902e-04
197,1.62760e-01,1.61895e-01,8.64570e-04
198,1.62760e-01,1.61895e-01,8.64746e-04
199,1.62760e-01,1.61895e-01,8.64691e-04
200,1.62760e-01,1.61895e-01,8.64736e-04
201,1.62760e-01,1.61895e-01,8.64674e-04
202,1.62760e-01,1.61895e-01,8.64733e-04
203,1.62760e-01,1.61895e-01,8.64703e-04
204,1.62760e-01,1.61895e-01,8.64685e-04
205,1.62760e-01,1.61895e-01,8.64705e-04
206,1.62760e-01,1.61895e-01,8.64685e-04
207,1.62760e-01,1.61895e-01,8.64675e-04
208,1.62760e-01,1.61895e-01,8.64691e-04
209,1.62760e-01,1.61895e-01,8.64693e-04
210,1.62760e-01,1.61895e-01,8.64675e-04
211,1.62760e-01,1.61895e-01,8.64669e-04
212,1.62760e-01,1.61895e-01,8.64694e-04
213,1.62760e-01,1.61895e-01,8.64731e-04
214,1.62760e-01,1.61895e-01,8.64743e-04
215,1.62760e-01,1.61895e-01,8.64712e-04
216,1.62760e-01,1.61895e-01,8.64678e-04
217,1.62760e-01,1.61895e-01,8.64687e-04
218,1.62760e-01,1.61895e-01,8.64725e-04
219,1.62760e-01,1.61895e-01,8.64700e-04
220,1.62760e-01,1.61895e-01,8.64691e-04
221,1.62760e-01,1.61895e-01,8.64685e-04
222,1.62760e-01,1.61895e-01,8.64821e-04
223,1.62760e-01,1.61895e-01,8.64651e-04
224,1.62760e-01,1.61895e-01,8.64760e-04
225,1.62760e-01,1.61895e-01,8.64587e-04
226,1.62760e-01,1.61895e-01,8.64763e-04
227,2.79415e-01,2.79415e-01,1.02525e-09
228,6.09224e-01,6.11682e-01,2.45809e-03
229,8.54677e-01,8.58934e-01,4.25762e-03
230,9.81560e-01,9.86808e-01,5.24748e-03
231,9.72171e-01,9.77530e-01,5.35891e-03
232,8.27767e-01,8.32391e-01,4.62323e-03
233,5.68387e-01,5.71561e-01,3.17478e-03
234,2.30057e-01,2.31294e-01,1.23704e-03
235,-1.40214e-01,-1.41120e-01,9.05621e-04
236,-4.90975e-01,-4.93920e-01,2.94499e-03
237,-7.73483e-01,-7.78073e-01,4.59049e-03
238,-9.48477e-01,-9.54086e-01,5.60850e-03
239,-9.91641e-01,-9.97495e-01,5.85416e-03
240,-8.96977e-01,-9.02268e-01,5.29094e-03
241,-6.77643e-01,-6.81639e-01,3.99543e-03
242,-3.64126e-01,-3.66273e-01,2.14646e-03
243,1.57027e-08,0.00000e+00,1.57027e-08
244,3.64126e-01,3.66273e-01,2.14643e-03
245,6.77643e-01,6.81639e-01,3.99540e-03
246,8.96977e-01,9.02268e-01,5.29091e-03
247,9.91641e-01,9.97495e-01,5.85413e-03
248,9.48477e-01,9.54086e-01,5.60847e-03
249,7.73483e-01,7.78073e-01,4.59044e-03
250,4.90975e-01,4.93920e-01,2.94494e-03
251,1.40214e-01,1.41120e-01,9.05587e-04
252,-2.30057e-01,-2.31294e-01,1.23706e-03
253,-5.68387e-01,-5.71561e-01,3.17481e-03
254,-8.27767e-01,-8.32391e-01,4.62325e-03
255,-9.72171e-01,-9.77530e-01,5.35889e-03
256,-9.81560e-01,-9.86808e-01,5.24748e-03
257,-8.54677e-01,-8.58934e-01,4.25748e-03
258,-6.09224e-01,-6.11682e-01,2.45827e-03
259,-2.79415e-01,-2.79415e-01,1.82036e-09
260,-2.08320e-01,-2.10796e-01,2.47619e-03
261,-2.08320e-01,-2.10796e-01,2.47627e-03
262,-2.08320e-01,-2.10796e-01,2.47628e-03
263,-2.08319e-01,-2.10796e-01,2.47636e-03
264,-2.08320e-01,-2.10796e-01,2.47627e-03
265,-2.08319e-01,-2.10796e-01,2.47639e-03
266,-2.08320e-01,-2.10796e-01,2.47627e-03
267,-2.08319e-01,-2.10796e-01,2.47635e-03
268,-2.08319e-01,-2.10796e-01,2.47632e-03
269,-2.08320e-01,-2.10796e-01,2.47630e-03
270,-2.08319e-01,-2.10796e-01,2.47632e-03
271,-2.08320e-01,-2.10796e-01,2.47630e-03
272,-2.08320e-01,-2.10796e-01,2.47629e-03
273,-2.08319e-01,-2.10796e-01,2.47631e-03
274,-2.08319e-01,-2.10796e-01,2.47631e-03
275,-2.08320e-01,-2.10796e-01,2.47629e-03
276,-2.08320e-01,-2.10796e-01,2.47628e-03
277,-2.08319e-01,-2.10796e-01,2.47631e-03
278,-2.08319e-01,-2.10796e-01,2.47635e-03
279,-2.08319e-01,-2.10796e-01,2.47636e-03
280,-2.08319e-01,-2.10796e-01,2.47634e-03
281,-2.08319e-01,-2.10796e-01,2.47631e-03
282,-2.08320e-01,-2.10796e-01,2.47630e-03
283,-2.08319e-01,-2.10796e-01,2.47633e-03
284,-2.08319e-01,-2.10796e-01,2.47631e-03
285,-2.08320e-01,-2.10796e-01,2.47629e-03
286,-2.08319e-01,-2.10796e-01,2.47632e-03
287,-2.08319e-01,-2.10796e-01,2.47639e-03
288,-2.08319e-01,-2.10796e-01,2.47630e-03
289,-2.08319e-01,-2.10796e-01,2.47635e-03
290,-2.08320e-01,-2.10796e-01,2.47627e-03
291,-2.08319e-01,-2.10796e-01,2.47636e-03
292,2.79415e-01,2.79415e-01,1.02525e-09
293,6.09224e-01,6.11682e-01,2.45822e-03
294,8.54677e-01,8.58934e-01,4.25751e-03
295,9.81560e-01,9.86808e-01,5.24750e-03
296,9.72171e-01,9.77530e-01,5.35892e-03
297,8.27767e-01,8.32391e-01,4.62320e-03
298,5.68387e-01,5.71561e-01,3.17479e-03
299,2.30057e-01,2.31294e-01,1.23703e-03
300,-1.40214e-01,-1.41120e-01,9.05624e-04
301,-4.90975e-01,-4.93920e-01,2.94499e-03
302,-7.73483e-01,-7.78073e-01,4.59049e-03
303,-9.48477e-01,-9.54086e-01,5.60851e-03
304,-9.91641e-01,-9.97495e-01,5.85416e-03
305,-8.96977e-01,-9.02268e-01,5.29094e-03
306,-6.77643e-01,-6.81639e-01,3.99543e-03
307,-3.64126e-01,-3.66273e-01,2.14646e-03
308,1.71441e-08,0.00000e+00,1.71441e-08
309,3.64126e-01,3.66273e-01,2.14642e-03
310,6.77643e-01,6.81639e-01,3.99539e-03
311,8.96977e-01,9.02268e-01,5.29089e-03
312,9.91641e-01,9.97495e-01,5.85412e-03
313,9.48477e-01,9.54086e-01,5.60848e-03
314,7.73483e-01,7.78073e-01,4.59045e-03
315,4.90975e-01,4.93920e-01,2.94493e-03
316,1.40214e-01,1.41120e-01,9.05590e-04
317,-2.30057e-01,-2.31294e-01,1.23707e-03
318,-5.68387e-01,-5.71561e-01,3.17480e-03
319,-8.27767e-01,-8.32391e-01,4.62324e-03
320,-9.72171e-01,-9.77530e-01,5.35890e-03
321,-9.81560e-01,-9.86808e-01,5.24749e-03
322,-8.54677e-01,-8.58934e-01,4.25754e-03
323,-6.09224e-01,-6.11682e-01,2.45823e-03
324,-2.79415e-01,-2.79415e-01,1.82036e-09
325,-5.50094e-01,-5.54190e-01,4.09535e-03
326,-5.50094e-01,-5.54190e-01,4.09539e-03
327,-5.50094e-01,-5.54190e-01,4.09537e-03
328,-5.50094e-01,-5.54190e-01,4.09550e-03
329,-5.50094e-01,-5.54190e-01,4.09541e-03
330,-5.50094e-01,-5.54190e-01,4.09551e-03
331,-5.50094e-01,-5.54190e-01,4.09540e-03
332,-5.50094e-01,-5.54190e-01,4.09548e-03
333,-5.50094e-01,-5.54190e-01,4.09545e-03
334,-5.50094e-01,-5.54190e-01,4.09542e-03
335,-5.50094e-01,-5.54190e-01,4.09544e-03
336,-5.50094e-01,-5.54190e-01,4.09542e-03
337,-5.50094e-01,-5.54190e-01,4.09541e-03
338,-5.50094e-01,-5.54190e-01,4.09544e-03
339,-5.50094e-01,-5.54190e-01,4.09544e-03
340,-5.50094e-01,-5.54190e-01,4.09541e-03
341,-5.50094e-01,-5.54190e-01,4.09541e-03
342,-5.50094e-01,-5.54190e-01,4.09544e-03
343,-5.50094e-01,-5.54190e-01,4.09548e-03
344,-5.50094e-01,-5.54190e-01,4.09548e-03
345,-5.50094e-01,-5.54190e-01,4.09545e-03
346,-5.50094e-01,-5.54190e-01,4.09544e-03
347,-5.50094e-01,-5.54190e-01,4.09543e-03
348,-5.50094e-01,-5.54190e-01,4.09544e-03
349,-5.50094e-01,-5.54190e-01,4.09544e-03
350,-5.50094e-01,-5.54190e-01,4.09537e-03
351,-5.50094e-01,-5.54190e-01,4.09546e-03
352,-5.50094e-01,-5.54190e-01,4.09548e-03
353,-5.50094e-01,-5.54190e-01,4.09545e-03
354,-5.50094e-01,-5.54190e-01,4.09548e-03
355,-5.50094e-01,-5.54190e-01,4.09535e-03
356,-5.50094e-01,-5.54190e-01,4.09551e-03
357,2.79415e-01,2.79415e-01,1.02525e-09
358,6.09224e-01,6.11682e-01,2.45823e-03
359,8.54677e-01,8.58934e-01,4.25753e-03
360,9.81560e-01,9.86808e-01,5.24748e-03
361,9.72171e-01,9.77530e-01,5.35891e-03
362,8.27767e-01,8.32391e-01,4.62321e-03
363,5.68387e-01,5.71561e-01,3.17479e-03
364,2.30057e-01,2.31294e-01,1.23703e-03
365,-1.40214e-01,-1.41120e-01,9.05621e-04
366,-4.90975e-01,-4.93920e-01,2.94499e-03
367,-7.73483e-01,-7.78073e-01,4.59049e-03
368,-9.48477e-01,-9.54086e-01,5.60851e-03
369,-9.91641e-01,-9.97495e-01,5.85417e-03
370,-8.96977e-01,-9.02268e-01,5.29094e-03
371,-6.77643e-01,-6.81639e-01,3.99544e-03
372,-3.64126e-01,-3.66273e-01,2.14647e-03
373,2.40005e-08,0.00000e+00,2.40005e-08
374,3.64126e-01,3.66273e-01,2.14642e-03
375,6.77643e-01,6.81639e-01,3.99539e-03
376,8.96977e-01,9.02268e-01,5.29089e-03
377,9.91641e-01,9.97495e-01,5.85411e-03
378,9.48477e-01,9.54086e-01,5.60847e-03
379,7.73483e-01,7.78073e-01,4.59045e-03
380,4.90975e-01,4.93920e-01,2.94494e-03
381,1.40214e-01,1.41120e-01,9.05590e-04
382,-2.30057e-01,-2.31294e-01,1.23706e-03
383,-5.68387e-01,-5.71561e-01,3.17482e-03
384,-8.27767e-01,-8.32391e-01,4.62322e-03
385,-9.72171e-01,-9.77530e-01,5.35895e-03
386,-9.81560e-01,-9.86808e-01,5.24748e-03
387,-8.54677e-01,-8.58934e-01,4.25753e-03
388,-6.09224e-01,-6.11682e-01,2.45826e-03
389,-2.79415e-01,-2.79415e-01,1.82036e-09
390,-8.15173e-01,-8.20559e-01,5.38649e-03
391,-8.15173e-01,-8.20559e-01,5.38649e-03
392,-8.15173e-01,-8.20559e-01,5.38650e-03
393,-8.15173e-01,-8.20559e-01,5.38661e-03
394,-8.15173e-01,-8.20559e-01,5.38653e-03
395,-8.15173e-01,-8.20559e-01,5.38663e-03
396,-8.15173e-01,-8.20559e-01,5.38651e-03
397,-8.15173e-01,-8.20559e-01,5.38659e-03
398,-8.15173e-01,-8.20559e-01,5.38657e-03
399,-8.15173e-01,-8.20559e-01,5.38655e-03
400,-8.15173e-01,-8.20559e-01,5.38656e-03
401,-8.15173e-01,-8.20559e-01,5.38653e-03
402,-8.15173e-01,-8.20559e-01,5.38653e-03
403,-8.15173e-01,-8.20559e-01,5.38655e-03
404,-8.15173e-01,-8.20559e-01,5.38656e-03
405,-8.15173e-01,-8.20559e-01,5.38653e-03
406,-8.15173e-01,-8.20559e-01,5.38652e-03
407,-8.15173e-01,-8.20559e-01,5.38656e-03
408,-8.15173e-01,-8.20559e-01,5.38661e-03
409,-8.15173e-01,-8.20559e-01,5.38660e-03
410,-8.15173e-01,-8.20559e-01,5.38655e-03
411,-8.15173e-01,-8.20559e-01,5.38655e-03
412,-8.15173e-01,-8.20559e-01,5.38656e-03
413,-8.15173e-01,-8.20559e-01,5.38655e-03
414,-8.15173e-01,-8.20559e-01,5.38656e-03
415,-8.15173e-01,-8.20559e-01,5.38648e-03
416,-8.15173e-01,-8.20559e-01,5.38657e-03
417,-8.15173e-01,-8.20559e-01,5.38663e-03
418,-8.15173e-01,-8.20559e-01,5.38653e-03
419,-8.15173e-01,-8.20559e-01,5.38659e-03
420,-8.15173e-01,-8.20559e-01,5.38646e-03
421,-8.15173e-01,-8.20559e-01,5.38663e-03
422,2.79415e-01,2.79415e-01,1.02525e-09
423,6.09224e-01,6.11682e-01,2.45824e-03
424,8.54677e-01,8.58934e-01,4.25752e-03
425,9.81560e-01,9.86808e-01,5.24748e-03
426,9.72171e-01,9.77530e-01,5.35891e-03
427,8.27767e-01,8.32391e-01,4.62321e-03
428,5.68387e-01,5.71561e-01,3.17480e-03
429,2.30057e-01,2.31294e-01,1.23703e-03
430,-1.40214e-01,-1.41120e-01,9.05616e-04
431,-4.90975e-01,-4.93920e-01,2.94499e-03
432,-7.73483e-01,-7.78073e-01,4.59049e-03
433,-9.48477e-01,-9.54086e-01,5.60851e-03
434,-9.91641e-01,-9.97495e-01,5.85417e-03
435,-8.96977e-01,-9.02268e-01,5.29095e-03
436,-6.77643e-01,-6.81639e-01,3.99544e-03
437,-3.64126e-01,-3.66273e-01,2.14646e-03
438,2.48884e-08,0.00000e+00,2.48884e-08
439,3.64126e-01,3.66273e-01,2.14642e-03
440,6.77643e-01,6.81639e-01,3.99539e-03
441,8.96977e-01,9.02268e-01,5.29089e-03
442,9.91641e-01,9.97495e-01,5.85412e-03
443,9.48477e-01,9.54086e-01,5.60847e-03
444,7.73483e-01,7.78073e-01,4.59045e-03
445,4.90975e-01,4.93920e-01,2.94495e-03
446,1.40214e-01,1.41120e-01,9.05591e-04
447,-2.30057e-01,-2.31294e-01,1.23705e-03
448,-5.68387e-01,-5.71561e-01,3.17481e-03
449,-8.27767e-01,-8.32391e-01,4.62324e-03
450,-9.72171e-01,-9.77530e-01,5.35893e-03
451,-9.81560e-01,-9.86808e-01,5.24749e-03
452,-8.54677e-01,-8.58934e-01,4.25754e-03
453,-6.09224e-01,-6.11682e-01,2.45826e-03
454,-2.79415e-01,-2.79415e-01,1.82036e-09
455,-9.66790e-01,-9.72884e-01,6.09442e-03
456,-9.66790e-01,-9.72884e-01,6.09441e-03
457,-9.66790e-01,-9.72884e-01,6.09442e-03
458,-9.66789e-01,-9.72884e-01,6.09453e-03
459,-9.66789e-01,-9.72884e-01,6.09445e-03
460,-9.66789e-01,-9.72884e-01,6.09454e-03
461,-9.66790e-01,-9.72884e-01,6.09444e-03
462,-9.66789e-01,-9.72884e-01,6.09451e-03
463,-9.66789e-01,-9.72884e-01,6.09449e-03
464,-9.66789e-01,-9.72884e-01,6.09448e-03
465,-9.66789e-01,-9.72884e-01,6.09448e-03
466,-9.66789e-01,-9.72884e-01,6.09445e-03
467,-9.66790e-01,-9.72884e-01,6.09444e-03
468,-9.66789e-01,-9.72884e-01,6.09447e-03
469,-9.66789e-01,-9.72884e-01,6.09448e-03
470,-9.66789e-01,-9.72884e-01,6.09445e-03
471,-9.66790e-01,-9.72884e-01,6.09444e-03
472,-9.66789e-01,-9.72884e-01,6.09448e-03
473,-9.66789e-01,-9.72884e-01,6.09454e-03
474,-9.66789e-01,-9.72884e-01,6.09453e-03
475,-9.66789e-01,-9.72884e-01,6.09447e-03
476,-9.66789e-01,-9.72884e-01,6.09446e-03
477,-9.66789e-01,-9.72884e-01,6.09447e-03
478,-9.66789e-01,-9.72884e-01,6.09447e-03
479,-9.66789e-01,-9.72884e-01,6.09447e-03
480,-9.66790e-01,-9.72884e-01,6.09440e-03
481,-9.66789e-01,-9.72884e-01,6.09449e-03
482,-9.66789e-01,-9.72884e-01,6.09454e-03
483,-9.66790e-01,-9.72884e-01,6.09445e-03
484,-9.66789e-01,-9.72884e-01,6.09450e-03
485,-9.66790e-01,-9.72884e-01,6.09437e-03
486,-9.66789e-01,-9.72884e-01,6.09454e-03
487,2.79415e-01,2.79415e-01,1.02525e-09
488,6.09224e-01,6.11682e-01,2.45825e-03
489,8.54677e-01,8.58934e-01,4.25752e-03
490,9.81560e-01,9.86808e-01,5.24748e-03
491,9.72171e-01,9.77530e-01,5.35891e-03
492,8.27767e-01,8.32391e-01,4.62321e-03
493,5.68387e-01,5.71561e-01,3.17481e-03
494,2.30057e-01,2.31294e-01,1.23704e-03
495,-1.40214e-01,-1.41120e-01,9.05610e-04
496,-4.90975e-01,-4.93920e-01,2.94498e-03
497,-7.73483e-01,-7.78073e-01,4.59049e-03
498,-9.48477e-01,-9.54086e-01,5.60851e-03
499,-9.91641e-01,-9.97495e-01,5.85417e-03
500,-8.96977e-01,-9.02268e-01,5.29095e-03
501,-6.77643e-01,-6.81639e-01,3.99544e-03
502,-3.64126e-01,-3.66273e-01,2.14646e-03
503,1.93590e-08,0.00000e+00,1.93590e-08
504,3.64126e-01,3.66273e-01,2.14642e-03
505,6.77643e-01,6.81639e-01,3.99539e-03
506,8.96977e-01,9.02268e-01,5.29090e-03
507,9.91641e-01,9.97495e-01,5.85413e-03
508,9.48477e-01,9.54086e-01,5.60847e-03
509,7.73483e-01,7.78073e-01,4.59045e-03
510,4.90975e-01,4.93920e-01,2.94494e-03
511,1.40214e-01,1.41120e-01,9.05592e-04
512,-2.30057e-01,-2.31294e-01,1.23706e-03
513,-5.68387e-01,-5.71561e-01,3.17481e-03
514,-8.27767e-01,-8.32391e-01,4.62322e-03
515,-9.72171e-01,-9.77530e-01,5.35892e-03
516,-9.81560e-01,-9.86808e-01,5.24748e-03
517,-8.54677e-01,-8.58934e-01,4.25753e-03
518,-6.09224e-01,-6.11682e-01,2.45826e-03
519,-2.79415e-01,-2.79415e-01,1.82036e-09
520,-9.83924e-01,-9.89992e-01,6.06884e-03
521,-9.83924e-01,-9.89992e-01,6.06883e-03
522,-9.83924e-01,-9.89992e-01,6.06883e-03
523,-9.83924e-01,-9.89992e-01,6.06893e-03
524,-9.83924e-01,-9.89992e-01,6.06886e-03
525,-9.83924e-01,-9.89992e-01,6.06893e-03
526,-9.83924e-01,-9.89992e-01,6.06885e-03
527,-9.83924e-01,-9.89992e-01,6.06891e-03
528,-9.83924e-01,-9.89992e-01,6.06890e-03
529,-9.83924e-01,-9.89992e-01,6.06889e-03
530,-9.83924e-01,-9.89992e-01,6.06889e-03
531,-9.83924e-01,-9.89992e-01,6.06886e-03
532,-9.83924e-01,-9.89992e-01,6.06885e-03
533,-9.83924e-01,-9.89992e-01,6.06887e-03
534,-9.83924e-01,-9.89992e-01,6.06888e-03
535,-9.83924e-01,-9.89992e-01,6.06886e-03
536,-9.83924e-01,-9.89992e-01,6.06885e-03
537,-9.83924e-01,-9.89992e-01,6.06888e-03
538,-9.83924e-01,-9.89992e-01,6.06894e-03
539,-9.83924e-01,-9.89992e-01,6.06893e-03
540,-9.83924e-01,-9.89992e-01,6.06888e-03
541,-9.83924e-01,-9.89992e-01,6.06887e-03
542,-9.83924e-01,-9.89992e-01,6.06887e-03
543,-9.83924e-01,-9.89992e-01,6.06886e-03
544,-9.83924e-01,-9.89992e-01,6.06887e-03
545,-9.83924e-01,-9.89992e-01,6.06879e-03
546,-9.83924e-01,-9.89992e-01,6.06889e-03
547,-9.83924e-01,-9.89992e-01,6.06894e-03
548,-9.83924e-01,-9.89992e-01,6.06885e-03
549,-9.83924e-01,-9.89992e-01,6.06891e-03
550,-9.83924e-01,-9.89992e-01,6.06878e-03
551,-9.83924e-01,-9.89992e-01,6.06894e-03
552,2.79415e-01,2.79415e-01,1.02525e-09
553,6.09224e-01,6.11682e-01,2.45825e-03
554,8.54677e-01,8.58934e-01,4.25752e-03
555,9.81560e-01,9.86808e-01,5.24748e-03
556,9.72171e-01,9.77530e-01,5.35892e-03
557,8.27767e-01,8.32391e-01,4.62321e-03
558,5.68387e-01,5.71561e-01,3.17481e-03
559,2.30057e-01,2.31294e-01,1.23704e-03
560,-1.40214e-01,-1.41120e-01,9.05605e-04
561,-4.90975e-01,-4.93920e-01,2.94497e-03
562,-7.73483e-01,-7.78073e-01,4.59048e-03
563,-9.48477e-01,-9.54086e-01,5.60850e-03
564,-9.91641e-01,-9.97495e-01,5.85416e-03
565,-8.96977e-01,-9.02268e-01,5.29094e-03
566,-6.77643e-01,-6.81639e-01,3.99543e-03
567,-3.64126e-01,-3.66273e-01,2.14646e-03
568,1.39171e-08,0.00000e+00,1.39171e-08
569,3.64126e-01,3.66273e-01,2.14642e-03
570,6.77643e-01,6.81639e-01,3.99540e-03
571,8.96977e-01,9.02268e-01,5.29090e-03
572,9.91641e-01,9.97495e-01,5.85414e-03
573,9.48477e-01,9.54086e-01,5.60848e-03
574,7.73483e-01,7.78073e-01,4.59045e-03
575,4.90975e-01,4.93920e-01,2.94495e-03
576,1.40214e-01,1.41120e-01,9.05589e-04
577,-2.30057e-01,-2.31294e-01,1.23706e-03
578,-5.68387e-01,-5.71561e-01,3.17481e-03
579,-8.27767e-01,-8.32391e-01,4.62322e-03
580,-9.72171e-01,-9.77530e-01,5.35891e-03
581,-9.81560e-01,-9.86808e-01,5.24747e-03
582,-8.54677e-01,-8.58934e-01,4.25752e-03
583,-6.09224e-01,-6.11682e-01,2.45826e-03
584,-2.79415e-01,-2.79415e-01,1.82036e-09
585,-8.64229e-01,-8.69507e-01,5.27773e-03
586,-8.64229e-01,-8.69507e-01,5.27772e-03
587,-8.64229e-01,-8.69507e-01,5.27771e-03
588,-8.64229e-01,-8.69507e-01,5.27780e-03
589,-8.64229e-01,-8.69507e-01,5.27774e-03
590,-8.64229e-01,-8.69507e-01,5.27779e-03
591,-8.64229e-01,-8.69507e-01,5.27773e-03
592,-8.64229e-01,-8.69507e-01,5.27777e-03
593,-8.64229e-01,-8.69507e-01,5.27778e-03
594,-8.64229e-01,-8.69507e-01,5.27778e-03
595,-8.64229e-01,-8.69507e-01,5.27777e-03
596,-8.64229e-01,-8.69507e-01,5.27774e-03
597,-8.64229e-01,-8.69507e-01,5.27772e-03
598,-8.64229e-01,-8.69507e-01,5.27774e-03
599,-8.64229e-01,-8.69507e-01,5.27775e-03
600,-8.64229e-01,-8.69507e-01,5.27774e-03
601,-8.64229e-01,-8.69507e-01,5.27772e-03
602,-8.64229e-01,-8.69507e-01,5.27776e-03
603,-8.64229e-01,-8.69507e-01,5.27782e-03
604,-8.64229e-01,-8.69507e-01,5.27781e-03
605,-8.64229e-01,-8.69507e-01,5.27775e-03
606,-8.64229e-01,-8.69507e-01,5.27775e-03
607,-8.64229e-01,-8.69507e-01,5.27775e-03
608,-8.64229e-01,-8.69507e-01,5.27773e-03
609,-8.64229e-01,-8.69507e-01,5.27774e-03
610,-8.64230e-01,-8.69507e-01,5.27764e-03
611,-8.64229e-01,-8.69507e-01,5.27775e-03
612,-8.64229e-01,-8.69507e-01,5.27780e-03
613,-8.64229e-01,-8.69507e-01,5.27772e-03
614,-8.64229e-01,-8.69507e-01,5.27779e-03
615,-8.64230e-01,-8.69507e-01,5.27766e-03
616,-8.64229e-01,-8.69507e-01,5.27781e-03
617,2.79415e-01,2.79415e-01,1.02525e-09
618,6.09224e-01,6.11682e-01,2.45825e-03
619,8.54677e-01,8.58934e-01,4.25752e-03
620,9.81560e-01,9.86808e-01,5.24748e-03
621,9.72171e-01,9.77530e-01,5.35892e-03
622,8.27767e-01,8.32391e-01,4.62321e-03
623,5.68387e-01,5.71561e-01,3.17481e-03
624,2.30057e-01,2.31294e-01,1.23705e-03
625,-1.40214e-01,-1.41120e-01,9.05602e-04
626,-4.90975e-01,-4.93920e-01,2.94497e-03
627,-7.73483e-01,-7.78073e-01,4.59047e-03
628,-9.48477e-01,-9.54086e-01,5.60849e-03
629,-9.91641e-01,-9.97495e-01,5.85415e-03
630,-8.96977e-01,-9.02268e-01,5.29093e-03
631,-6.77643e-01,-6.81639e-01,3.99543e-03
632,-3.64126e-01,-3.66273e-01,2.14645e-03
633,1.23414e-08,0.00000e+00,1.23414e-08
634,3.64126e-01,3.66273e-01,2.14643e-03
635,6.77643e-01,6.81639e-01,3.99540e-03
636,8.96977e-01,9.02268e-01,5.29091e-03
637,9.91641e-01,9.97495e-01,5.85414e-03
638,9.48477e-01,9.54086e-01,5.60849e-03
639,7.73483e-01,7.78073e-01,4.59046e-03
640,4.90975e-01,4.93920e-01,2.94495e-03
641,1.40214e-01,1.41120e-01,9.05592e-04
642,-2.30057e-01,-2.31294e-01,1.23706e-03
643,-5.68386e-01,-5.71561e-01,3.17482e-03
644,-8.27767e-01,-8.32391e-01,4.62323e-03
645,-9.72171e-01,-9.77530e-01,5.35891e-03
646,-9.81560e-01,-9.86808e-01,5.24746e-03
647,-8.54677e-01,-8.58934e-01,4.25751e-03
648,-6.09224e-01,-6.11682e-01,2.45825e-03
649,-2.79415e-01,-2.79415e-01,1.82036e-09
650,-6.24367e-01,-6.28174e-01,3.80668e-03
651,-6.24367e-01,-6.28174e-01,3.80668e-03
652,-6.24367e-01,-6.28174e-01,3.80667e-03
653,-6.24367e-01,-6.28174e-01,3.80673e-03
654,-6.24367e-01,-6.28174e-01,3.80668e-03
655,-6.24367e-01,-6.28174e-01,3.80671e-03
656,-6.24367e-01,-6.28174e-01,3.80668e-03
657,-6.24367e-01,-6.28174e-01,3.80671e-03
658,-6.24367e-01,-6.28174e-01,3.80673e-03
659,-6.24367e-01,-6.28174e-01,3.80673e-03
660,-6.24367e-01,-6.28174e-01,3.80673e-03
661,-6.24367e-01,-6.28174e-01,3.80669e-03
662,-6.24367e-01,-6.28174e-01,3.80667e-03
663,-6.24367e-01,-6.28174e-01,3.80668e-03
664,-6.24367e-01,-6.28174e-01,3.80670e-03
665,-6.24367e-01,-6.28174e-01,3.80668e-03
666,-6.24367e-01,-6.28174e-01,3.80667e-03
667,-6.24367e-01,-6.28174e-01,3.80670e-03
668,-6.24367e-01,-6.28174e-01,3.80676e-03
669,-6.24367e-01,-6.28174e-01,3.80674e-03
670,-6.24367e-01,-6.28174e-01,3.80670e-03
671,-6.24367e-01,-6.28174e-01,3.80670e-03
672,-6.24367e-01,-6.28174e-01,3.80670e-03
673,-6.24367e-01,-6.28174e-01,3.80668e-03
674,-6.24367e-01,-6.28174e-01,3.80668e-03
675,-6.24367e-01,-6.28174e-01,3.80658e-03
676,-6.24367e-01,-6.28174e-01,3.80667e-03
677,-6.24367e-01,-6.28174e-01,3.80672e-03
678,-6.24367e-01,-6.28174e-01,3.80665e-03
679,-6.24367e-01,-6.28174e-01,3.80674e-03
680,-6.24367e-01,-6.28174e-01,3.80663e-03
681,-6.24367e-01,-6.28174e-01,3.80676e-03
682,2.79415e-01,2.79415e-01,1.02525e-09
683,6.09224e-01,6.11682e-01,2.45825e-03
684,8.54677e-01,8.58934e-01,4.25753e-03
685,9.81560e-01,9.86808e-01,5.24748e-03
686,9.72171e-01,9.77530e-01,5.35892e-03
687,8.27767e-01,8.32391e-01,4.62321e-03
688,5.68387e-01,5.71561e-01,3.17481e-03
689,2.30057e-01,2.31294e-01,1.23704e-03
690,-1.40214e-01,-1.41120e-01,9.05602e-04
691,-4.90975e-01,-4.93920e-01,2.94497e-03
692,-7.73483e-01,-7.78073e-01,4.59047e-03
693,-9.48477e-01,-9.54086e-01,5.60849e-03
694,-9.91641e-01,-9.97495e-01,5.85414e-03
695,-8.96977e-01,-9.02268e-01,5.29093e-03
696,-6.77643e-01,-6.81639e-01,3.99543e-03
697,-3.64126e-01,-3.66273e-01,2.14645e-03
698,1.34644e-08,0.00000e+00,1.34644e-08
699,3.64126e-01,3.66273e-01,2.14643e-03
700,6.77643e-01,6.81639e-01,3.99540e-03
701,8.96977e-01,9.02268e-01,5.29091e-03
702,9.91641e-01,9.97495e-01,5.85415e-03
703,9.48477e-01,9.54086e-01,5.60850e-03
704,7.73483e-01,7.78073e-01,4.59047e-03
705,4.90975e-01,4.93920e-01,2.94496e-03
706,1.40214e-01,1.41120e-01,9.05597e-04
707,-2.30057e-01,-2.31294e-01,1.23706e-03
708,-5.68386e-01,-5.71561e-01,3.17483e-03
709,-8.27767e-01,-8.32391e-01,4.62324e-03
710,-9.72171e-01,-9.77530e-01,5.35891e-03
711,-9.81560e-01,-9.86808e-01,5.24747e-03
712,-8.54677e-01,-8.58934e-01,4.25750e-03
713,-6.09224e-01,-6.11682e-01,2.45825e-03
714,-2.79415e-01,-2.79415e-01,1.82036e-09
715,-2.97690e-01,-2.99534e-01,1.84353e-03
716,-2.97690e-01,-2.99534e-01,1.84353e-03
717,-2.97690e-01,-2.99534e-01,1.84352e-03
718,-2.97690e-01,-2.99534e-01,1.84355e-03
719,-2.97690e-01,-2.99534e-01,1.84352e-03
720,-2.97690e-01,-2.99534e-01,1.84353e-03
721,-2.97690e-01,-2.99534e-01,1.84352e-03
722,-2.97690e-01,-2.99534e-01,1.84354e-03
723,-2.97690e-01,-2.99534e-01,1.84356e-03
724,-2.97690e-01,-2.99534e-01,1.84358e-03
725,-2.97690e-01,-2.99534e-01,1.84357e-03
726,-2.97690e-01,-2.99534e-01,1.84353e-03
727,-2.97690e-01,-2.99534e-01,1.84351e-03
728,-2.97690e-01,-2.99534e-01,1.84351e-03
729,-2.97690e-01,-2.99534e-01,1.84353e-03
730,-2.97690e-01,-2.99534e-01,1.84352e-03
731,-2.97690e-01,-2.99534e-01,1.84350e-03
732,-2.97690e-01,-2.99534e-01,1.84353e-03
733,-2.97690e-01,-2.99534e-01,1.84358e-03
734,-2.97690e-01,-2.99534e-01,1.84357e-03
735,-2.97690e-01,-2.99534e-01,1.84353e-03
736,-2.97690e-01,-2.99534e-01,1.84354e-03
737,-2.97690e-01,-2.99534e-01,1.84353e-03
738,-2.97690e-01,-2.99534e-01,1.84351e-03
739,-2.97690e-01,-2.99534e-01,1.84352e-03
740,-2.97690e-01,-2.99534e-01,1.84341e-03
741,-2.97690e-01,-2.99534e-01,1.84349e-03
742,-2.97690e-01,-2.99534e-01,1.84353e-03
743,-2.97690e-01,-2.99534e-01,1.84347e-03
744,-2.97690e-01,-2.99534e-01,1.84357e-03
745,-2.97690e-01,-2.99534e-01,1.84348e-03
746,-2.97690e-01,-2.99534e-01,1.84360e-03
747,2.79415e-01,2.79415e-01,1.02525e-09
748,6.09224e-01,6.11682e-01,2.45826e-03
749,8.54677e-01,8.58934e-01,4.25754e-03
750,9.81560e-01,9.86808e-01,5.24749e-03
751,9.72171e-01,9.77530e-01,5.35892e-03
752,8.27767e-01,8.32391e-01,4.62321e-03
753,5.68387e-01,5.71561e-01,3.17480e-03
754,2.30057e-01,2.31294e-01,1.23704e-03
755,-1.40214e-01,-1.41120e-01,9.05607e-04
756,-4.90975e-01,-4.93920e-01,2.94497e-03
757,-7.73483e-01,-7.78073e-01,4.59047e-03
758,-9.48477e-01,-9.54086e-01,5.60848e-03
759,-9.91641e-01,-9.97495e-01,5.85414e-03
760,-8.96977e-01,-9.02268e-01,5.29092e-03
761,-6.77643e-01,-6.81639e-01,3.99542e-03
762,-3.64126e-01,-3.66273e-01,2.14645e-03
763,1.42359e-08,0.00000e+00,1.42359e-08
764,3.64126e-01,3.66273e-01,2.14642e-03
765,6.77643e-01,6.81639e-01,3.99540e-03
766,8.96977e-01,9.02268e-01,5.29091e-03
767,9.91641e-01,9.97495e-01,5.85414e-03
768,9.48477e-01,9.54086e-01,5.60849e-03
769,7.73483e-01,7.78073e-01,4.59047e-03
770,4.90975e-01,4.93920e-01,2.94497e-03
771,1.40214e-01,1.41120e-01,9.05602e-04
772,-2.30057e-01,-2.31294e-01,1.23706e-03
773,-5.68386e-01,-5.71561e-01,3.17483e-03
774,-8.27767e-01,-8.32391e-01,4.62325e-03
775,-9.72171e-01,-9.77530e-01,5.35892e-03
776,-9.81560e-01,-9.86808e-01,5.24748e-03
777,-8.54677e-01,-8.58934e-01,4.25751e-03
778,-6.09224e-01,-6.11682e-01,2.45825e-03
779,-2.79415e-01,-2.79415e-01,1.82036e-09
780,7.03870e-02,7.07372e-02,3.50200e-04
781,7.03870e-02,7.07372e-02,3.50193e-04
782,7.03870e-02,7.07372e-02,3.50202e-04
783,7.03870e-02,7.07372e-02,3.50188e-04
784,7.03870e-02,7.07372e-02,3.50215e-04
785,7.03870e-02,7.07372e-02,3.50220e-04
786,7.03870e-02,7.07372e-02,3.50221e-04
787,7.03870e-02,7.07372e-02,3.50205e-04
788,7.03870e-02,7.07372e-02,3.50176e-04
789,7.03870e-02,7.07372e-02,3.50157e-04
790,7.03870e-02,7.07372e-02,3.50167e-04
791,7.03870e-02,7.07372e-02,3.50204e-04
792,7.03870e-02,7.07372e-02,3.50231e-04
793,7.03870e-02,7.07372e-02,3.50220e-04
794,7.03870e-02,7.07372e-02,3.50197e-04
795,7.03870e-02,7.07372e-02,3.50207e-04
796,7.03870e-02,7.07372e-02,3.50229e-04
797,7.03870e-02,7.07372e-02,3.50209e-04
798,7.03870e-02,7.07372e-02,3.50166e-04
799,7.03870e-02,7.07372e-02,3.50174e-04
800,7.03870e-02,7.07372e-02,3.50208e-04
801,7.03870e-02,7.07372e-02,3.50196e-04
802,7.03870e-02,7.07372e-02,3.50199e-04
803,7.03870e-02,7.07372e-02,3.50216e-04
804,7.03870e-02,7.07372e-02,3.50206e-04
805,7.03869e-02,7.07372e-02,3.50314e-04
806,7.03869e-02,7.07372e-02,3.50254e-04
807,7.03870e-02,7.07372e-02,3.50235e-04
808,7.03869e-02,7.07372e-02,3.50286e-04
809,7.03870e-02,7.07372e-02,3.50180e-04
810,7.03870e-02,7.07372e-02,3.50230e-04
811,7.03871e-02,7.07372e-02,3.50132e-04
812,2.79415e-01,2.79415e-01,1.02525e-09
813,6.09224e-01,6.11682e-01,2.45826e-03
814,8.54677e-01,8.58934e-01,4.25754e-03
815,9.81560e-01,9.86808e-01,5.24750e-03
816,9.72171e-01,9.77530e-01,5.35892e-03
817,8.27767e-01,8.32391e-01,4.62321e-03
818,5.68387e-01,5.71561e-01,3.17479e-03
819,2.30057e-01,2.31294e-01,1.23703e-03
820,-1.40214e-01,-1.41120e-01,9.05615e-04
821,-4.90975e-01,-4.93920e-01,2.94497e-03
822,-7.73483e-01,-7.78073e-01,4.59047e-03
823,-9.48477e-01,-9.54086e-01,5.60849e-03
824,-9.91641e-01,-9.97495e-01,5.85414e-03
825,-8.96977e-01,-9.02268e-01,5.29092e-03
826,-6.77643e-01,-6.81639e-01,3.99542e-03
827,-3.64126e-01,-3.66273e-01,2.14645e-03
828,1.28756e-08,0.00000e+00,1.28756e-08
829,3.64126e-01,3.66273e-01,2.14642e-03
830,6.77643e-01,6.81639e-01,3.99539e-03
831,8.96977e-01,9.02268e-01,5.29090e-03
832,9.91641e-01,9.97495e-01,5.85414e-03
833,9.48477e-01,9.54086e-01,5.60849e-03
834,7.73483e-01,7.78073e-01,4.59047e-03
835,4.90975e-01,4.93920e-01,2.94497e-03
836,1.40214e-01,1.41120e-01,9.05605e-04
837,-2.30057e-01,-2.31294e-01,1.23705e-03
838,-5.68386e-01,-5.71561e-01,3.17483e-03
839,-8.27767e-01,-8.32391e-01,4.62325e-03
840,-9.72171e-01,-9.77530e-01,5.35894e-03
841,-9.81560e-01,-9.86808e-01,5.24750e-03
842,-8.54677e-01,-8.58934e-01,4.25752e-03
843,-6.09224e-01,-6.11682e-01,2.45826e-03
844,-2.79415e-01,-2.79415e-01,1.82036e-09
845,4.28699e-01,4.31177e-01,2.47722e-03
846,4.28699e-01,4.31177e-01,2.47721e-03
847,4.28699e-01,4.31177e-01,2.47721e-03
848,4.28699e-01,4.31177e-01,2.47721e-03
849,4.28699e-01,4.31177e-01,2.47723e-03
850,4.28699e-01,4.31177e-01,2.47725e-03
851,4.28699e-01,4.31177e-01,2.47725e-03
852,4.28699e-01,4.31177e-01,2.47724e-03
853,4.28699e-01,4.31177e-01,2.47721e-03
854,4.28699e-01,4.31177e-01,2.47718e-03
855,4.28699e-01,4.31177e-01,2.47719e-03
856,4.28699e-01,4.31177e-01,2.47723e-03
857,4.28699e-01,4.31177e-01,2.47726e-03
858,4.28699e-01,4.31177e-01,2.47725e-03
859,4.28699e-01,4.31177e-01,2.47722e-03
860,4.28699e-01,4.31177e-01,2.47722e-03
861,4.28699e-01,4.31177e-01,2.47725e-03
862,4.28699e-01,4.31177e-01,2.47724e-03
863,4.28699e-01,4.31177e-01,2.47720e-03
864,4.28699e-01,4.31177e-01,2.47721e-03
865,4.28699e-01,4.31177e-01,2.47724e-03
866,4.28699e-01,4.31177e-01,2.47722e-03
867,4.28699e-01,4.31177e-01,2.47722e-03
868,4.28699e-01,4.31177e-01,2.47723e-03
869,4.28699e-01,4.31177e-01,2.47722e-03
870,4.28699e-01,4.31177e-01,2.47732e-03
871,4.28699e-01,4.31177e-01,2.47728e-03
872,4.28699e-01,4.31177e-01,2.47728e-03
873,4.28699e-01,4.31177e-01,2.47732e-03
874,4.28699e-01,4.31177e-01,2.47722e-03
875,4.28699e-01,4.31177e-01,2.47724e-03
876,4.28699e-01,4.31177e-01,2.47716e-03
877,2.79415e-01,2.79415e-01,1.02525e-09
878,6.09224e-01,6.11682e-01,2.45826e-03
879,8.54677e-01,8.58934e-01,4.25755e-03
880,9.81560e-01,9.86808e-01,5.24750e-03
881,9.72171e-01,9.77530e-01,5.35892e-03
882,8.27767e-01,8.32391e-01,4.62321e-03
883,5.68387e-01,5.71561e-01,3.17478e-03
884,2.30057e-01,2.31294e-01,1.23703e-03
885,-1.40214e-01,-1.41120e-01,9.05624e-04
886,-4.90975e-01,-4.93920e-01,2.94498e-03
887,-7.73483e-01,-7.78073e-01,4.59047e-03
888,-9.48477e-01,-9.54086e-01,5.60849e-03
889,-9.91641e-01,-9.97495e-01,5.85414e-03
890,-8.96977e-01,-9.02268e-01,5.29092e-03
891,-6.77643e-01,-6.81639e-01,3.99542e-03
892,-3.64126e-01,-3.66273e-01,2.14645e-03
893,9.93371e-09,0.00000e+00,9.93371e-09
894,3.64126e-01,3.66273e-01,2.14642e-03
895,6.77643e-01,6.81639e-01,3.99539e-03
896,8.96977e-01,9.02268e-01,5.29090e-03
897,9.91641e-01,9.97495e-01,5.85413e-03
898,9.48477e-01,9.54086e-01,5.60848e-03
899,7.73483e-01,7.78073e-01,4.59047e-03
900,4.90975e-01,4.93920e-01,2.94497e-03
901,1.40214e-01,1.41120e-01,9.05604e-04
902,-2.30057e-01,-2.31294e-01,1.23705e-03
903,-5.68386e-01,-5.71561e-01,3.17483e-03
904,-8.27767e-01,-8.32391e-01,4.62325e-03
905,-9.72171e-01,-9.77530e-01,5.35894e-03
906,-9.81560e-01,-9.86808e-01,5.24751e-03
907,-8.54677e-01,-8.58934e-01,4.25754e-03
908,-6.09224e-01,-6.11682e-01,2.45826e-03
909,-2.79415e-01,-2.79415e-01,1.82036e-09
910,7.27442e-01,7.31689e-01,4.24693e-03
911,7.27442e-01,7.31689e-01,4.24692e-03
912,7.27442e-01,7.31689e-01,4.24691e-03
913,7.27442e-01,7.31689e-01,4.24692e-03
914,7.27442e-01,7.31689e-01,4.24693e-03
915,7.27442e-01,7.31689e-01,4.24696e-03
916,7.27442e-01,7.31689e-01,4.24697e-03
917,7.27442e-01,7.31689e-01,4.24696e-03
918,7.27442e-01,7.31689e-01,4.24693e-03
919,7.27442e-01,7.31689e-01,4.24690e-03
920,7.27442e-01,7.31689e-01,4.24690e-03
921,7.27442e-01,7.31689e-01,4.24694e-03
922,7.27442e-01,7.31689e-01,4.24698e-03
923,7.27442e-01,7.31689e-01,4.24696e-03
924,7.27442e-01,7.31689e-01,4.24692e-03
925,7.27442e-01,7.31689e-01,4.24692e-03
926,7.27442e-01,7.31689e-01,4.24695e-03
927,7.27442e-01,7.31689e-01,4.24694e-03
928,7.27442e-01,7.31689e-01,4.24692e-03
929,7.27442e-01,7.31689e-01,4.24693e-03
930,7.27442e-01,7.31689e-01,4.24695e-03
931,7.27442e-01,7.31689e-01,4.24694e-03
932,7.27442e-01,7.31689e-01,4.24694e-03
933,7.27442e-01,7.31689e-01,4.24694e-03
934,7.27442e-01,7.31689e-01,4.24692e-03
935,7.27442e-01,7.31689e-01,4.24701e-03
936,7.27442e-01,7.31689e-01,4.24699e-03
937,7.27442e-01,7.31689e-01,4.24700e-03
938,7.27442e-01,7.31689e-01,4.24704e-03
939,7.27442e-01,7.31689e-01,4.24694e-03
940,7.27442e-01,7.31689e-01,4.24695e-03
941,7.27442e-01,7.31689e-01,4.24687e-03
942,2.79415e-01,2.79415e-01,1.02525e-09
943,6.09224e-01,6.11682e-01,2.45826e-03
944,8.54677e-01,8.58934e-01,4.25755e-03
945,9.81560e-01,9.86808e-01,5.24751e-03
946,9.72171e-01,9.77530e-01,5.35893e-03
947,8.27767e-01,8.32391e-01,4.62321e-03
948,5.68387e-01,5.71561e-01,3.17478e-03
949,2.30057e-01,2.31294e-01,1.23702e-03
950,-1.40214e-01,-1.41120e-01,9.05632e-04
951,-4.90975e-01,-4.93920e-01,2.94499e-03
952,-7.73483e-01,-7.78073e-01,4.59048e-03
953,-9.48477e-01,-9.54086e-01,5.60850e-03
954,-9.91641e-01,-9.97495e-01,5.85415e-03
955,-8.96977e-01,-9.02268e-01,5.29093e-03
956,-6.77643e-01,-6.81639e-01,3.99542e-03
957,-3.64126e-01,-3.66273e-01,2.14645e-03
958,7.38635e-09,0.00000e+00,7.38635e-09
959,3.64126e-01,3.66273e-01,2.14643e-03
960,6.77643e-01,6.81639e-01,3.99539e-03
961,8.96977e-01,9.02268e-01,5.29090e-03
962,9.91641e-01,9.97495e-01,5.85413e-03
963,9.48477e-01,9.54086e-01,5.60848e-03
964,7.73483e-01,7.78073e-01,4.59046e-03
965,4.90975e-01,4.93920e-01,2.94496e-03
966,1.40214e-01,1.41120e-01,9.05600e-04
967,-2.30057e-01,-2.31294e-01,1.23705e-03
968,-5.68386e-01,-5.71561e-01,3.17482e-03
969,-8.27767e-01,-8.32391e-01,4.62325e-03
970,-9.72171e-01,-9.77530e-01,5.35895e-03
971,-9.81560e-01,-9.86808e-01,5.24752e-03
972,-8.54677e-01,-8.58934e-01,4.25755e-03
973,-6.09224e-01,-6.11682e-01,2.45827e-03
974,-2.79415e-01,-2.79415e-01,1.82036e-09
975,9.25091e-01,9.30508e-01,5.41651e-03
976,9.25091e-01,9.30508e-01,5.41650e-03
977,9.25091e-01,9.30508e-01,5.41648e-03
978,9.25091e-01,9.30508e-01,5.41648e-03
979,9.25091e-01,9.30508e-01,5.41650e-03
980,9.25091e-01,9.30508e-01,5.41652e-03
981,9.25091e-01,9.30508e-01,5.41655e-03
982,9.25091e-01,9.30508e-01,5.41654e-03
983,9.25091e-01,9.30508e-01,5.41651e-03
984,9.25091e-01,9.30508e-01,5.41649e-03
985,9.25091e-01,9.30508e-01,5.41648e-03
986,9.25091e-01,9.30508e-01,5.41652e-03
987,9.25091e-01,9.30508e-01,5.41656e-03
988,9.25091e-01,9.30508e-01,5.41654e-03
989,9.25091e-01,9.30508e-01,5.41650e-03
990,9.25091e-01,9.30508e-01,5.41649e-03
991,9.25091e-01,9.30508e-01,5.41651e-03
992,9.25091e-01,9.30508e-01,5.41651e-03
993,9.25091e-01,9.30508e-01,5.41649e-03
994,9.25091e-01,9.30508e-01,5.41650e-03
995,9.25091e-01,9.30508e-01,5.41653e-03
996,9.25091e-01,9.30508e-01,5.41652e-03
997,9.25091e-01,9.30508e-01,5.41651e-03
998,9.25091e-01,9.30508e-01,5.41651e-03
999,9.25091e-01,9.30508e-01,5.41649e-03
1000,9.25091e-01,9.30508e-01,5.41657e-03
1001,9.25091e-01,9.30508e-01,5.41655e-03
1002,9.25091e-01,9.30508e-01,5.41657e-03
1003,9.25091e-01,9.30508e-01,5.41661e-03
1004,9.25091e-01,9.30508e-01,5.41652e-03
1005,9.25091e-01,9.30508e-01,5.41653e-03
1006,9.25091e-01,9.30508e-01,5.41646e-03
1007,2.79415e-01,2.79415e-01,1.02525e-09
1008,6.09224e-01,6.11682e-01,2.45826e-03
1009,8.54677e-01,8.58934e-01,4.25755e-03
1010,9.81560e-01,9.86808e-01,5.24751e-03
1011,9.72171e-01,9.77530e-01,5.35893e-03
1012,8.27767e-01,8.32391e-01,4.62322e-03
1013,5.68387e-01,5.71561e-01,3.17479e-03
1014,2.30057e-01,2.31294e-01,1.23702e-03
1015,-1.40214e-01,-1.41120e-01,9.05637e-04
1016,-4.90975e-01,-4.93920e-01,2.94500e-03
1017,-7.73483e-01,-7.78073e-01,4.59049e-03
1018,-9.48477e-01,-9.54086e-01,5.60850e-03
1019,-9.91641e-01,-9.97495e-01,5.85416e-03
1020,-8.96977e-01,-9.02268e-01,5.29093e-03
1021,-6.77643e-01,-6.81639e-01,3.99543e-03
1022,-3.64126e-01,-3.66273e-01,2.14645e-03
1023,7.04789e-09,0.00000e+00,7.04789e-09
1024,3.64126e-01,3.66273e-01,2.14643e-03
1025,6.77643e-01,6.81639e-01,3.99540e-03
1026,8.96977e-01,9.02268e-01,5.29090e-03
1027,9.91641e-01,9.97495e-01,5.85412e-03
1028,9.48477e-01,9.54086e-01,5.60847e-03
1029,7.73483e-01,7.78073e-01,4.59046e-03
1030,4.90975e-01,4.93920e-01,2.94496e-03
1031,1.40214e-01,1.41120e-01,9.05596e-04
1032,-2.30057e-01,-2.31294e-01,1.23705e-03
1033,-5.68387e-01,-5.71561e-01,3.17481e-03
1034,-8.27767e-01,-8.32391e-01,4.62324e-03
1035,-9.72171e-01,-9.77530e-01,5.35895e-03
1036,-9.81560e-01,-9.86808e-01,5.24753e-03
1037,-8.54677e-01,-8.58934e-01,4.25756e-03
1038,-6.09224e-01,-6.11682e-01,2.45827e-03
1039,-2.79415e-01,-2.79415e-01,1.82036e-09
1040,9.94175e-01,1.00000e+00,5.82512e-03
1041,9.94175e-01,1.00000e+00,5.82511e-03
1042,9.94175e-01,1.00000e+00,5.82509e-03
1043,9.94175e-01,1.00000e+00,5.82508e-03
1044,9.94175e-01,1.00000e+00,5.82510e-03
1045,9.94175e-01,1.00000e+00,5.82511e-03
1046,9.94175e-01,1.00000e+00,5.82515e-03
1047,9.94175e-01,1.00000e+00,5.82514e-03
1048,9.94175e-01,1.00000e+00,5.82513e-03
1049,9.94175e-01,1.00000e+00,5.82511e-03
1050,9.94175e-01,1.00000e+00,5.82509e-03
1051,9.94175e-01,1.00000e+00,5.82513e-03
1052,9.94175e-01,1.00000e+00,5.82517e-03
1053,9.94175e-01,1.00000e+00,5.82516e-03
1054,9.94175e-01,1.00000e+00,5.82511e-03
1055,9.94175e-01,1.00000e+00,5.82509e-03
1056,9.94175e-01,1.00000e+00,5.82511e-03
1057,9.94175e-01,1.00000e+00,5.82511e-03
1058,9.94175e-01,1.00000e+00,5.82510e-03
1059,9.94175e-01,1.00000e+00,5.82511e-03
1060,9.94175e-01,1.00000e+00,5.82513e-03
1061,9.94175e-01,1.00000e+00,5.82512e-03
1062,9.94175e-01,1.00000e+00,5.82511e-03
1063,9.94175e-01,1.00000e+00,5.82511e-03
1064,9.94175e-01,1.00000e+00,5.82510e-03
1065,9.94175e-01,1.00000e+00,5.82516e-03
1066,9.94175e-01,1.00000e+00,5.82515e-03
1067,9.94175e-01,1.00000e+00,5.82516e-03
1068,9.94175e-01,1.00000e+00,5.82520e-03
1069,9.94175e-01,1.00000e+00,5.82513e-03
1070,9.94175e-01,1.00000e+00,5.82515e-03
1071,9.94175e-01,1.00000e+00,5.82507e-03
1072,2.79415e-01,2.79415e-01,1.02525e-09
1073,6.09224e-01,6.11682e-01,2.45826e-03
1074,8.54677e-01,8.58934e-01,4.25754e-03
1075,9.81560e-01,9.86808e-01,5.24751e-03
1076,9.72171e-01,9.77530e-01,5.35893e-03
1077,8.27767e-01,8.32391e-01,4.62323e-03
1078,5.68387e-01,5.71561e-01,3.17479e-03
1079,2.30057e-01,2.31294e-01,1.23703e-03
1080,-1.40214e-01,-1.41120e-01,9.05636e-04
1081,-4.90975e-01,-4.93920e-01,2.94500e-03
1082,-7.73483e-01,-7.78073e-01,4.59049e-03
1083,-9.48477e-01,-9.54086e-01,5.60850e-03
1084,-9.91641e-01,-9.97495e-01,5.85416e-03
1085,-8.96977e-01,-9.02268e-01,5.29094e-03
1086,-6.77643e-01,-6.81639e-01,3.99544e-03
1087,-3.64126e-01,-3.66273e-01,2.14646e-03
1088,9.41498e-09,0.00000e+00,9.41498e-09
1089,3.64126e-01,3.66273e-01,2.14643e-03
1090,6.77643e-01,6.81639e-01,3.99541e-03
1091,8.96977e-01,9.02268e-01,5.29091e-03
1092,9.91641e-01,9.97495e-01,5.85413e-03
1093,9.48477e-01,9.54086e-01,5.60847e-03
1094,7.73483e-01,7.78073e-01,4.59046e-03
1095,4.90975e-01,4.93920e-01,2.94495e-03
1096,1.40214e-01,1.41120e-01,9.05591e-04
1097,-2.30057e-01,-2.31294e-01,1.23705e-03
1098,-5.68387e-01,-5.71561e-01,3.17481e-03
1099,-8.27767e-01,-8.32391e-01,4.62323e-03
1100,-9.72171e-01,-9.77530e-01,5.35894e-03
1101,-9.81560e-01,-9.86808e-01,5.24752e-03
1102,-8.54677e-01,-8.58934e-01,4.25756e-03
1103,-6.09224e-01,-6.11682e-01,2.45826e-03
1104,-2.79415e-01,-2.79415e-01,1.82036e-09
1105,9.25091e-01,9.30508e-01,5.41652e-03
1106,9.25091e-01,9.30508e-01,5.41651e-03
1107,9.25091e-01,9.30508e-01,5.41650e-03
1108,9.25091e-01,9.30508e-01,5.41647e-03
1109,9.25091e-01,9.30508e-01,5.41650e-03
1110,9.25091e-01,9.30508e-01,5.41649e-03
1111,9.25091e-01,9.30508e-01,5.41655e-03
1112,9.25091e-01,9.30508e-01,5.41653e-03
1113,9.25091e-01,9.30508e-01,5.41653e-03
1114,9.25091e-01,9.30508e-01,5.41651e-03
1115,9.25091e-01,9.30508e-01,5.41649e-03
1116,9.25091e-01,9.30508e-01,5.41653e-03
1117,9.25091e-01,9.30508e-01,5.41658e-03
1118,9.25091e-01,9.30508e-01,5.41656e-03
1119,9.25091e-01,9.30508e-01,5.41651e-03
1120,9.25091e-01,9.30508e-01,5.41649e-03
1121,9.25091e-01,9.30508e-01,5.41650e-03
1122,9.25091e-01,9.30508e-01,5.41651e-03
1123,9.25091e-01,9.30508e-01,5.41649e-03
1124,9.25091e-01,9.30508e-01,5.41650e-03
1125,9.25091e-01,9.30508e-01,5.41652e-03
1126,9.25091e-01,9.30508e-01,5.41652e-03
1127,9.25091e-01,9.30508e-01,5.41651e-03
1128,9.25091e-01,9.30508e-01,5.41650e-03
1129,9.25091e-01,9.30508e-01,5.41650e-03
1130,9.25091e-01,9.30508e-01,5.41655e-03
1131,9.25091e-01,9.30508e-01,5.41654e-03
1132,9.25091e-01,9.30508e-01,5.41655e-03
1133,9.25091e-01,9.30508e-01,5.41659e-03
1134,9.25091e-01,9.30508e-01,5.41653e-03
1135,9.25091e-01,9.30508e-01,5.41657e-03
1136,9.25091e-01,9.30508e-01,5.41648e-03
1137,2.79415e-01,2.79415e-01,1.02525e-09
1138,6.09224e-01,6.11682e-01,2.45825e-03
1139,8.54677e-01,8.58934e-01,4.25753e-03
1140,9.81560e-01,9.86808e-01,5.24750e-03
1141,9.72171e-01,9.77530e-01,5.35893e-03
1142,8.27767e-01,8.32391e-01,4.62324e-03
1143,5.68387e-01,5.71561e-01,3.17481e-03
1144,2.30057e-01,2.31294e-01,1.23704e-03
1145,-1.40214e-01,-1.41120e-01,9.05629e-04
1146,-4.90975e-01,-4.93920e-01,2.94500e-03
1147,-7.73483e-01,-7.78073e-01,4.59049e-03
1148,-9.48477e-01,-9.54086e-01,5.60850e-03
1149,-9.91641e-01,-9.97495e-01,5.85416e-03
1150,-8.96977e-01,-9.02268e-01,5.29094e-03
1151,-6.77643e-01,-6.81639e-01,3.99544e-03
1152,-3.64126e-01,-3.66273e-01,2.14646e-03
1153,1.34266e-08,0.00000e+00,1.34266e-08
1154,3.64126e-01,3.66273e-01,2.14643e-03
1155,6.77643e-01,6.81639e-01,3.99541e-03
1156,8.96977e-01,9.02268e-01,5.29091e-03
1157,9.91641e-01,9.97495e-01,5.85413e-03
1158,9.48477e-01,9.54086e-01,5.60848e-03
1159,7.73483e-01,7.78073e-01,4.59046e-03
1160,4.90975e-01,4.93920e-01,2.94495e-03
1161,1.40214e-01,1.41120e-01,9.05589e-04
1162,-2.30057e-01,-2.31294e-01,1.23705e-03
1163,-5.68387e-01,-5.71561e-01,3.17481e-03
1164,-8.27767e-01,-8.32391e-01,4.62323e-03
1165,-9.72171e-01,-9.77530e-01,5.35894e-03
1166,-9.81560e-01,-9.86808e-01,5.24751e-03
1167,-8.54677e-01,-8.58934e-01,4.25755e-03
1168,-6.09224e-01,-6.11682e-01,2.45826e-03
1169,-2.79415e-01,-2.79415e-01,1.82036e-09
1170,7.27442e-01,7.31689e-01,4.24695e-03
1171,7.27442e-01,7.31689e-01,4.24694e-03
1172,7.27442e-01,7.31689e-01,4.24694e-03
1173,7.27442e-01,7.31689e-01,4.24690e-03
1174,7.27442e-01,7.31689e-01,4.24694e-03
1175,7.27442e-01,7.31689e-01,4.24690e-03
1176,7.27442e-01,7.31689e-01,4.24697e-03
1177,7.27442e-01,7.31689e-01,4.24694e-03
1178,7.27442e-01,7.31689e-01,4.24695e-03
1179,7.27442e-01,7.31689e-01,4.24695e-03
1180,7.27442e-01,7.31689e-01,4.24692e-03
1181,7.27442e-01,7.31689e-01,4.24696e-03
1182,7.27442e-01,7.31689e-01,4.24700e-03
1183,7.27442e-01,7.31689e-01,4.24699e-03
1184,7.27442e-01,7.31689e-01,4.24695e-03
1185,7.27442e-01,7.31689e-01,4.24693e-03
1186,7.27442e-01,7.31689e-01,4.24693e-03
1187,7.27442e-01,7.31689e-01,4.24693e-03
1188,7.27442e-01,7.31689e-01,4.24692e-03
1189,7.27442e-01,7.31689e-01,4.24692e-03
1190,7.27442e-01,7.31689e-01,4.24694e-03
1191,7.27442e-01,7.31689e-01,4.24694e-03
1192,7.27442e-01,7.31689e-01,4.24692e-03
1193,7.27442e-01,7.31689e-01,4.24692e-03
1194,7.27442e-01,7.31689e-01,4.24693e-03
1195,7.27442e-01,7.31689e-01,4.24698e-03
1196,7.27442e-01,7.31689e-01,4.24697e-03
1197,7.27442e-01,7.31689e-01,4.24696e-03
1198,7.27442e-01,7.31689e-01,4.24700e-03
1199,7.27442e-01,7.31689e-01,4.24696e-03
1200,7.27442e-01,7.31689e-01,4.24701e-03
1201,7.27442e-01,7.31689e-01,4.24691e-03
1202,2.79415e-01,2.79415e-01,1.02525e-09
1203,6.09224e-01,6.11682e-01,2.45825e-03
1204,8.54677e-01,8.58934e-01,4.25753e-03
1205,9.81560e-01,9.86808e-01,5.24750e-03
1206,9.72171e-01,9.77530e-01,5.35892e-03
1207,8.27767e-01,8.32391e-01,4.62324e-03
1208,5.68387e-01,5.71561e-01,3.17481e-03
1209,2.30057e-01,2.31294e-01,1.23705e-03
1210,-1.40214e-01,-1.41120e-01,9.05619e-04
1211,-4.90975e-01,-4.93920e-01,2.94500e-03
1212,-7.73483e-01,-7.78073e-01,4.59049e-03
1213,-9.48477e-01,-9.54086e-01,5.60850e-03
1214,-9.91641e-01,-9.97495e-01,5.85416e-03
1215,-8.96977e-01,-9.02268e-01,5.29094e-03
1216,-6.77643e-01,-6.81639e-01,3.99544e-03
1217,-3.64126e-01,-3.66273e-01,2.14647e-03
1218,1.71870e-08,0.00000e+00,1.71870e-08
1219,3.64126e-01,3.66273e-01,2.14643e-03
1220,6.77643e-01,6.81639e-01,3.99541e-03
1221,8.96977e-01,9.02268e-01,5.29092e-03
1222,9.91641e-01,9.97495e-01,5.85414e-03
1223,9.48477e-01,9.54086e-01,5.60848e-03
1224,7.73483e-01,7.78073e-01,4.59046e-03
1225,4.90975e-01,4.93920e-01,2.94496e-03
1226,1.40214e-01,1.41120e-01,9.05591e-04
1227,-2.30057e-01,-2.31294e-01,1.23705e-03
1228,-5.68387e-01,-5.71561e-01,3.17481e-03
1229,-8.27767e-01,-8.32391e-01,4.62323e-03
1230,-9.72171e-01,-9.77530e-01,5.35894e-03
1231,-9.81560e-01,-9.86808e-01,5.24751e-03
1232,-8.54677e-01,-8.58934e-01,4.25755e-03
1233,-6.09224e-01,-6.11682e-01,2.45826e-03
1234,-2.79415e-01,-2.79415e-01,1.82036e-09
1235,4.28699e-01,4.31177e-01,2.47723e-03
1236,4.28699e-01,4.31177e-01,2.47722e-03
1237,4.28699e-01,4.31177e-01,2.47724e-03
1238,4.28699e-01,4.31177e-01,2.47720e-03
1239,4.28699e-01,4.31177e-01,2.47725e-03
1240,4.28699e-01,4.31177e-01,2.47718e-03
1241,4.28699e-01,4.31177e-01,2.47726e-03
1242,4.28699e-01,4.31177e-01,2.47721e-03
1243,4.28699e-01,4.31177e-01,2.47724e-03
1244,4.28699e-01,4.31177e-01,2.47724e-03
1245,4.28699e-01,4.31177e-01,2.47722e-03
1246,4.28699e-01,4.31177e-01,2.47726e-03
1247,4.28699e-01,4.31177e-01,2.47729e-03
1248,4.28699e-01,4.31177e-01,2.47728e-03
1249,4.28699e-01,4.31177e-01,2.47724e-03
1250,4.28699e-01,4.31177e-01,2.47723e-03
1251,4.28699e-01,4.31177e-01,2.47723e-03
1252,4.28699e-01,4.31177e-01,2.47723e-03
1253,4.28699e-01,4.31177e-01,2.47721e-03
1254,4.28699e-01,4.31177e-01,2.47720e-03
1255,4.28699e-01,4.31177e-01,2.47723e-03
1256,4.28699e-01,4.31177e-01,2.47723e-03
1257,4.28699e-01,4.31177e-01,2.47720e-03
1258,4.28699e-01,4.31177e-01,2.47720e-03
1259,4.28699e-01,4.31177e-01,2.47722e-03
1260,4.28699e-01,4.31177e-01,2.47728e-03
1261,4.28699e-01,4.31177e-01,2.47726e-03
1262,4.28699e-01,4.31177e-01,2.47724e-03
1263,4.28699e-01,4.31177e-01,2.47729e-03
1264,4.28699e-01,4.31177e-01,2.47725e-03
1265,4.28699e-01,4.31177e-01,2.47732e-03
1266,4.28699e-01,4.31177e-01,2.47721e-03
1267,2.79415e-01,2.79415e-01,1.02525e-09
1268,6.09224e-01,6.11682e-01,2.45825e-03
1269,8.54677e-01,8.58934e-01,4.25753e-03
1270,9.81560e-01,9.86808e-01,5.24750e-03
1271,9.72171e-01,9.77530e-01,5.35892e-03
1272,8.27767e-01,8.32391e-01,4.62324e-03
1273,5.68386e-01,5.71561e-01,3.17482e-03
1274,2.30057e-01,2.31294e-01,1.23706e-03
1275,-1.40214e-01,-1.41120e-01,9.05608e-04
1276,-4.90975e-01,-4.93920e-01,2.94499e-03
1277,-7.73483e-01,-7.78073e-01,4.59048e-03
1278,-9.48477e-01,-9.54086e-01,5.60850e-03
1279,-9.91641e-01,-9.97495e-01,5.85415e-03
1280,-8.96977e-01,-9.02268e-01,5.29094e-03
1281,-6.77643e-01,-6.81639e-01,3.99544e-03
1282,-3.64126e-01,-3.66273e-01,2.14647e-03
1283,1.92649e-08,0.00000e+00,1.92649e-08
1284,3.64126e-01,3.66273e-01,2.14643e-03
1285,6.77643e-01,6.81639e-01,3.99541e-03
1286,8.96977e-01,9.02268e-01,5.29092e-03
1287,9.91641e-01,9.97495e-01,5.85414e-03
1288,9.48477e-01,9.54086e-01,5.60849e-03
1289,7.73483e-01,7.78073e-01,4.59047e-03
1290,4.90975e-01,4.93920e-01,2.94496e-03
1291,1.40214e-01,1.41120e-01,9.05594e-04
1292,-2.30057e-01,-2.31294e-01,1.23705e-03
1293,-5.68387e-01,-5.71561e-01,3.17480e-03
1294,-8.27767e-01,-8.32391e-01,4.62323e-03
1295,-9.72171e-01,-9.77530e-01,5.35893e-03
1296,-9.81560e-01,-9.86808e-01,5.24750e-03
1297,-8.54677e-01,-8.58934e-01,4.25754e-03
1298,-6.09224e-01,-6.11682e-01,2.45825e-03
1299,-2.79415e-01,-2.79415e-01,1.82036e-09
1300,7.03870e-02,7.07372e-02,3.50192e-04
1301,7.03870e-02,7.07372e-02,3.50184e-04
1302,7.03870e-02,7.07372e-02,3.50220e-04
1303,7.03870e-02,7.07372e-02,3.50180e-04
1304,7.03870e-02,7.07372e-02,3.50251e-04
1305,7.03870e-02,7.07372e-02,3.50152e-04
1306,7.03870e-02,7.07372e-02,3.50237e-04
1307,7.03870e-02,7.07372e-02,3.50160e-04
1308,7.03870e-02,7.07372e-02,3.50195e-04
1309,7.03870e-02,7.07372e-02,3.50215e-04
1310,7.03870e-02,7.07372e-02,3.50195e-04
1311,7.03870e-02,7.07372e-02,3.50231e-04
1312,7.03869e-02,7.07372e-02,3.50262e-04
1313,7.03870e-02,7.07372e-02,3.50244e-04
1314,7.03870e-02,7.07372e-02,3.50214e-04
1315,7.03870e-02,7.07372e-02,3.50205e-04
1316,7.03870e-02,7.07372e-02,3.50213e-04
1317,7.03870e-02,7.07372e-02,3.50207e-04
1318,7.03870e-02,7.07372e-02,3.50180e-04
1319,7.03870e-02,7.07372e-02,3.50175e-04
1320,7.03870e-02,7.07372e-02,3.50198e-04
1321,7.03870e-02,7.07372e-02,3.50194e-04
1322,7.03870e-02,7.07372e-02,3.50167e-04
1323,7.03870e-02,7.07372e-02,3.50170e-04
1324,7.03870e-02,7.07372e-02,3.50196e-04
1325,7.03869e-02,7.07372e-02,3.50268e-04
1326,7.03870e-02,7.07372e-02,3.50235e-04
1327,7.03870e-02,7.07372e-02,3.50207e-04
1328,7.03869e-02,7.07372e-02,3.50266e-04
1329,7.03870e-02,7.07372e-02,3.50229e-04
1330,7.03869e-02,7.07372e-02,3.50315e-04
1331,7.03870e-02,7.07372e-02,3.50177e-04
1332,2.79415e-01,2.79415e-01,1.02525e-09
1333,6.09224e-01,6.11682e-01,2.45825e-03
1334,8.54677e-01,8.58934e-01,4.25754e-03
1335,9.81560e-01,9.86808e-01,5.24750e-03
1336,9.72171e-01,9.77530e-01,5.35893e-03
1337,8.27767e-01,8.32391e-01,4.62323e-03
1338,5.68386e-01,5.71561e-01,3.17482e-03
1339,2.30057e-01,2.31294e-01,1.23706e-03
1340,-1.40214e-01,-1.41120e-01,9.05600e-04
1341,-4.90975e-01,-4.93920e-01,2.94498e-03
1342,-7.73483e-01,-7.78073e-01,4.59048e-03
1343,-9.48477e-01,-9.54086e-01,5.60849e-03
1344,-9.91641e-01,-9.97495e-01,5.85415e-03
1345,-8.96977e-01,-9.02268e-01,5.29093e-03
1346,-6.77643e-01,-6.81639e-01,3.99543e-03
1347,-3.64126e-01,-3.66273e-01,2.14646e-03
1348,1.98288e-08,0.00000e+00,1.98288e-08
1349,3.64126e-01,3.66273e-01,2.14643e-03
1350,6.77643e-01,6.81639e-01,3.99541e-03
1351,8.96977e-01,9.02268e-01,5.29092e-03
1352,9.91641e-01,9.97495e-01,5.85414e-03
1353,9.48477e-01,9.54086e-01,5.60849e-03
1354,7.73483e-01,7.78073e-01,4.59047e-03
1355,4.90975e-01,4.93920e-01,2.94496e-03
1356,1.40214e-01,1.41120e-01,9.05600e-04
1357,-2.30057e-01,-2.31294e-01,1.23705e-03
1358,-5.68387e-01,-5.71561e-01,3.17480e-03
1359,-8.27767e-01,-8.32391e-01,4.62323e-03
1360,-9.72171e-01,-9.77530e-01,5.35893e-03
1361,-9.81560e-01,-9.86808e-01,5.24749e-03
1362,-8.54677e-01,-8.58934e-01,4.25753e-03
1363,-6.09224e-01,-6.11682e-01,2.45825e-03
1364,-2.79415e-01,-2.79415e-01,1.82036e-09
1365,-2.97690e-01,-2.99534e-01,1.84356e-03
1366,-2.97690e-01,-2.99534e-01,1.84356e-03
1367,-2.97690e-01,-2.99534e-01,1.84351e-03
1368,-2.97690e-01,-2.99534e-01,1.84355e-03
1369,-2.97690e-01,-2.99534e-01,1.84347e-03
1370,-2.97690e-01,-2.99534e-01,1.84358e-03
1371,-2.97690e-01,-2.99534e-01,1.84350e-03
1372,-2.97690e-01,-2.99534e-01,1.84359e-03
1373,-2.97690e-01,-2.99534e-01,1.84356e-03
1374,-2.97690e-01,-2.99534e-01,1.84353e-03
1375,-2.97690e-01,-2.99534e-01,1.84354e-03
1376,-2.97690e-01,-2.99534e-01,1.84351e-03
1377,-2.97690e-01,-2.99534e-01,1.84348e-03
1378,-2.97690e-01,-2.99534e-01,1.84350e-03
1379,-2.97690e-01,-2.99534e-01,1.84353e-03
1380,-2.97690e-01,-2.99534e-01,1.84353e-03
1381,-2.97690e-01,-2.99534e-01,1.84352e-03
1382,-2.97690e-01,-2.99534e-01,1.84352e-03
1383,-2.97690e-01,-2.99534e-01,1.84356e-03
1384,-2.97690e-01,-2.99534e-01,1.84356e-03
1385,-2.97690e-01,-2.99534e-01,1.84354e-03
1386,-2.97690e-01,-2.99534e-01,1.84355e-03
1387,-2.97690e-01,-2.99534e-01,1.84358e-03
1388,-2.97690e-01,-2.99534e-01,1.84357e-03
1389,-2.97690e-01,-2.99534e-01,1.84354e-03
1390,-2.97690e-01,-2.99534e-01,1.84346e-03
1391,-2.97690e-01,-2.99534e-01,1.84350e-03
1392,-2.97690e-01,-2.99534e-01,1.84353e-03
1393,-2.97690e-01,-2.99534e-01,1.84346e-03
1394,-2.97690e-01,-2.99534e-01,1.84351e-03
1395,-2.97690e-01,-2.99534e-01,1.84341e-03
1396,-2.97690e-01,-2.99534e-01,1.84357e-03
1397,2.79415e-01,2.79415e-01,1.02525e-09
1398,6.09224e-01,6.11682e-01,2.45826e-03
1399,8.54677e-01,8.58934e-01,4.25754e-03
1400,9.81560e-01,9.86808e-01,5.24751e-03
1401,9.72171e-01,9.77530e-01,5.35893e-03
1402,8.27767e-01,8.32391e-01,4.62323e-03
1403,5.68387e-01,5.71561e-01,3.17482e-03
1404,2.30057e-01,2.31294e-01,1.23706e-03
1405,-1.40214e-01,-1.41120e-01,9.05597e-04
1406,-4.90975e-01,-4.93920e-01,2.94497e-03
1407,-7.73483e-01,-7.78073e-01,4.59047e-03
1408,-9.48477e-01,-9.54086e-01,5.60849e-03
1409,-9.91641e-01,-9.97495e-01,5.85415e-03
1410,-8.96977e-01,-9.02268e-01,5.29093e-03
1411,-6.77643e-01,-6.81639e-01,3.99543e-03
1412,-3.64126e-01,-3.66273e-01,2.14646e-03
1413,2.07115e-08,0.00000e+00,2.07115e-08
1414,3.64126e-01,3.66273e-01,2.14643e-03
1415,6.77643e-01,6.81639e-01,3.99541e-03
1416,8.96977e-01,9.02268e-01,5.29091e-03
1417,9.91641e-01,9.97495e-01,5.85414e-03
1418,9.48477e-01,9.54086e-01,5.60849e-03
1419,7.73483e-01,7.78073e-01,4.59047e-03
1420,4.90975e-01,4.93920e-01,2.94497e-03
1421,1.40214e-01,1.41120e-01,9.05607e-04
1422,-2.30057e-01,-2.31294e-01,1.23705e-03
1423,-5.68387e-01,-5.71561e-01,3.17480e-03
1424,-8.27767e-01,-8.32391e-01,4.62323e-03
1425,-9.72171e-01,-9.77530e-01,5.35893e-03
1426,-9.81560e-01,-9.86808e-01,5.24748e-03
1427,-8.54677e-01,-8.58934e-01,4.25753e-03
1428,-6.09224e-01,-6.11682e-01,2.45825e-03
1429,-2.79415e-01,-2.79415e-01,1.82036e-09
1430,-6.24367e-01,-6.28174e-01,3.80673e-03
1431,-6.24367e-01,-6.28174e-01,3.80673e-03
1432,-6.24367e-01,-6.28174e-01,3.80667e-03
1433,-6.24367e-01,-6.28174e-01,3.80672e-03
1434,-6.24367e-01,-6.28174e-01,3.80662e-03
1435,-6.24367e-01,-6.28174e-01,3.80674e-03
1436,-6.24367e-01,-6.28174e-01,3.80666e-03
1437,-6.24367e-01,-6.28174e-01,3.80676e-03
1438,-6.24367e-01,-6.28174e-01,3.80674e-03
1439,-6.24367e-01,-6.28174e-01,3.80670e-03
1440,-6.24367e-01,-6.28174e-01,3.80671e-03
1441,-6.24367e-01,-6.28174e-01,3.80667e-03
1442,-6.24367e-01,-6.28174e-01,3.80665e-03
1443,-6.24367e-01,-6.28174e-01,3.80668e-03
1444,-6.24367e-01,-6.28174e-01,3.80671e-03
1445,-6.24367e-01,-6.28174e-01,3.80670e-03
1446,-6.24367e-01,-6.28174e-01,3.80668e-03
1447,-6.24367e-01,-6.28174e-01,3.80669e-03
1448,-6.24367e-01,-6.28174e-01,3.80672e-03
1449,-6.24367e-01,-6.28174e-01,3.80673e-03
1450,-6.24367e-01,-6.28174e-01,3.80671e-03
1451,-6.24367e-01,-6.28174e-01,3.80672e-03
1452,-6.24367e-01,-6.28174e-01,3.80675e-03
1453,-6.24367e-01,-6.28174e-01,3.80674e-03
1454,-6.24367e-01,-6.28174e-01,3.80671e-03
1455,-6.24367e-01,-6.28174e-01,3.80662e-03
1456,-6.24367e-01,-6.28174e-01,3.80667e-03
1457,-6.24367e-01,-6.28174e-01,3.80670e-03
1458,-6.24367e-01,-6.28174e-01,3.80662e-03
1459,-6.24367e-01,-6.28174e-01,3.80668e-03
1460,-6.24367e-01,-6.28174e-01,3.80658e-03
1461,-6.24367e-01,-6.28174e-01,3.80675e-03
1462,2.79415e-01,2.79415e-01,1.02525e-09
1463,6.09224e-01,6.11682e-01,2.45826e-03
1464,8.54677e-01,8.58934e-01,4.25755e-03
1465,9.81560e-01,9.86808e-01,5.24751e-03
1466,9.72171e-01,9.77530e-01,5.35893e-03
1467,8.27767e-01,8.32391e-01,4.62322e-03
1468,5.68387e-01,5.71561e-01,3.17481e-03
1469,2.30057e-01,2.31294e-01,1.23705e-03
1470,-1.40214e-01,-1.41120e-01,9.05599e-04
1471,-4.90975e-01,-4.93920e-01,2.94497e-03
1472,-7.73483e-01,-7.78073e-01,4.59047e-03
1473,-9.48477e-01,-9.54086e-01,5.60849e-03
1474,-9.91641e-01,-9.97495e-01,5.85415e-03
1475,-8.96977e-01,-9.02268e-01,5.29093e-03
1476,-6.77643e-01,-6.81639e-01,3.99543e-03
1477,-3.64126e-01,-3.66273e-01,2.14647e-03
1478,2.38721e-08,0.00000e+00,2.38721e-08
1479,3.64126e-01,3.66273e-01,2.14642e-03
1480,6.77643e-01,6.81639e-01,3.99540e-03
1481,8.96977e-01,9.02268e-01,5.29091e-03
1482,9.91641e-01,9.97495e-01,5.85414e-03
1483,9.48477e-01,9.54086e-01,5.60849e-03
1484,7.73483e-01,7.78073e-01,4.59047e-03
1485,4.90975e-01,4.93920e-01,2.94497e-03
1486,1.40214e-01,1.41120e-01,9.05613e-04
1487,-2.30057e-01,-2.31294e-01,1.23704e-03
1488,-5.68387e-01,-5.71561e-01,3.17480e-03
1489,-8.27767e-01,-8.32391e-01,4.62323e-03
1490,-9.72171e-01,-9.77530e-01,5.35893e-03
1491,-9.81560e-01,-9.86808e-01,5.24748e-03
1492,-8.54677e-01,-8.58934e-01,4.25753e-03
1493,-6.09224e-01,-6.11682e-01,2.45826e-03
1494,-2.79415e-01,-2.79415e-01,1.82036e-09
1495,-8.64229e-01,-8.69507e-01,5.27779e-03
1496,-8.64229e-01,-8.69507e-01,5.27779e-03
1497,-8.64229e-01,-8.69507e-01,5.27773e-03
1498,-8.64229e-01,-8.69507e-01,5.27778e-03
1499,-8.64230e-01,-8.69507e-01,5.27768e-03
1500,-8.64229e-01,-8.69507e-01,5.27779e-03
1501,-8.64229e-01,-8.69507e-01,5.27772e-03
1502,-8.64229e-01,-8.69507e-01,5.27782e-03
1503,-8.64229e-01,-8.69507e-01,5.27780e-03
1504,-8.64229e-01,-8.69507e-01,5.27777e-03
1505,-8.64229e-01,-8.69507e-01,5.27776e-03
1506,-8.64229e-01,-8.69507e-01,5.27773e-03
1507,-8.64229e-01,-8.69507e-01,5.27772e-03
1508,-8.64229e-01,-8.69507e-01,5.27775e-03
1509,-8.64229e-01,-8.69507e-01,5.27777e-03
1510,-8.64229e-01,-8.69507e-01,5.27776e-03
1511,-8.64229e-01,-8.69507e-01,5.27773e-03
1512,-8.64229e-01,-8.69507e-01,5.27773e-03
1513,-8.64229e-01,-8.69507e-01,5.27778e-03
1514,-8.64229e-01,-8.69507e-01,5.27779e-03
1515,-8.64229e-01,-8.69507e-01,5.27777e-03
1516,-8.64229e-01,-8.69507e-01,5.27779e-03
1517,-8.64229e-01,-8.69507e-01,5.27781e-03
1518,-8.64229e-01,-8.69507e-01,5.27780e-03
1519,-8.64229e-01,-8.69507e-01,5.27778e-03
1520,-8.64230e-01,-8.69507e-01,5.27767e-03
1521,-8.64229e-01,-8.69507e-01,5.27773e-03
1522,-8.64229e-01,-8.69507e-01,5.27776e-03
1523,-8.64230e-01,-8.69507e-01,5.27767e-03
1524,-8.64229e-01,-8.69507e-01,5.27775e-03
1525,-8.64230e-01,-8.69507e-01,5.27764e-03
1526,-8.64229e-01,-8.69507e-01,5.27782e-03
1527,2.79415e-01,2.79415e-01,1.02525e-09
1528,6.09224e-01,6.11682e-01,2.45825e-03
1529,8.54677e-01,8.58934e-01,4.25754e-03
1530,9.81560e-01,9.86808e-01,5.24750e-03
1531,9.72171e-01,9.77530e-01,5.35892e-03
1532,8.27767e-01,8.32391e-01,4.62321e-03
1533,5.68387e-01,5.71561e-01,3.17481e-03
1534,2.30057e-01,2.31294e-01,1.23704e-03
1535,-1.40214e-01,-1.41120e-01,9.05603e-04
1536,-4.90975e-01,-4.93920e-01,2.94497e-03
1537,-7.73483e-01,-7.78073e-01,4.59048e-03
1538,-9.48477e-01,-9.54086e-01,5.60849e-03
1539,-9.91641e-01,-9.97495e-01,5.85415e-03
1540,-8.96977e-01,-9.02268e-01,5.29094e-03
1541,-6.77643e-01,-6.81639e-01,3.99544e-03
1542,-3.64126e-01,-3.66273e-01,2.14647e-03
1543,2.88789e-08,0.00000e+00,2.88789e-08
1544,3.64126e-01,3.66273e-01,2.14642e-03
1545,6.77643e-01,6.81639e-01,3.99539e-03
1546,8.96977e-01,9.02268e-01,5.29090e-03
1547,9.91641e-01,9.97495e-01,5.85413e-03
1548,9.48477e-01,9.54086e-01,5.60849e-03
1549,7.73483e-01,7.78073e-01,4.59046e-03
1550,4.90975e-01,4.93920e-01,2.94497e-03
1551,1.40214e-01,1.41120e-01,9.05617e-04
1552,-2.30057e-01,-2.31294e-01,1.23704e-03
1553,-5.68387e-01,-5.71561e-01,3.17480e-03
1554,-8.27767e-01,-8.32391e-01,4.62323e-03
1555,-9.72171e-01,-9.77530e-01,5.35892e-03
1556,-9.81560e-01,-9.86808e-01,5.24748e-03
1557,-8.54677e-01,-8.58934e-01,4.25753e-03
1558,-6.09224e-01,-6.11682e-01,2.45826e-03
1559,-2.79415e-01,-2.79415e-01,1.82036e-09
1560,-9.83924e-01,-9.89992e-01,6.06892e-03
1561,-9.83924e-01,-9.89992e-01,6.06891e-03
1562,-9.83924e-01,-9.89992e-01,6.06885e-03
1563,-9.83924e-01,-9.89992e-01,6.06891e-03
1564,-9.83924e-01,-9.89992e-01,6.06881e-03
1565,-9.83924e-01,-9.89992e-01,6.06891e-03
1566,-9.83924e-01,-9.89992e-01,6.06885e-03
1567,-9.83924e-01,-9.89992e-01,6.06894e-03
1568,-9.83924e-01,-9.89992e-01,6.06893e-03
1569,-9.83924e-01,-9.89992e-01,6.06891e-03
1570,-9.83924e-01,-9.89992e-01,6.06889e-03
1571,-9.83924e-01,-9.89992e-01,6.06886e-03
1572,-9.83924e-01,-9.89992e-01,6.06885e-03
1573,-9.83924e-01,-9.89992e-01,6.06889e-03
1574,-9.83924e-01,-9.89992e-01,6.06891e-03
1575,-9.83924e-01,-9.89992e-01,6.06889e-03
1576,-9.83924e-01,-9.89992e-01,6.06885e-03
1577,-9.83924e-01,-9.89992e-01,6.06885e-03
1578,-9.83924e-01,-9.89992e-01,6.06890e-03
1579,-9.83924e-01,-9.89992e-01,6.06891e-03
1580,-9.83924e-01,-9.89992e-01,6.06889e-03
1581,-9.83924e-01,-9.89992e-01,6.06892e-03
1582,-9.83924e-01,-9.89992e-01,6.06894e-03
1583,-9.83924e-01,-9.89992e-01,6.06893e-03
1584,-9.83924e-01,-9.89992e-01,6.06891e-03
1585,-9.83924e-01,-9.89992e-01,6.06880e-03
1586,-9.83924e-01,-9.89992e-01,6.06887e-03
1587,-9.83924e-01,-9.89992e-01,6.06889e-03
1588,-9.83924e-01,-9.89992e-01,6.06880e-03
1589,-9.83924e-01,-9.89992e-01,6.06888e-03
1590,-9.83924e-01,-9.89992e-01,6.06878e-03
1591,-9.83924e-01,-9.89992e-01,6.06895e-03
1592,2.79415e-01,2.79415e-01,1.02525e-09
1593,6.09224e-01,6.11682e-01,2.45825e-03
1594,8.54677e-01,8.58934e-01,4.25753e-03
1595,9.81560e-01,9.86808e-01,5.24749e-03
1596,9.72171e-01,9.77530e-01,5.35891e-03
1597,8.27767e-01,8.32391e-01,4.62320e-03
1598,5.68387e-01,5.71561e-01,3.17480e-03
1599,2.30057e-01,2.31294e-01,1.23704e-03
1600,-1.40214e-01,-1.41120e-01,9.05609e-04
1601,-4.90975e-01,-4.93920e-01,2.94498e-03
1602,-7.73483e-01,-7.78073e-01,4.59048e-03
1603,-9.48477e-01,-9.54086e-01,5.60849e-03
1604,-9.91641e-01,-9.97495e-01,5.85415e-03
1605,-8.96977e-01,-9.02268e-01,5.29094e-03
1606,-6.77643e-01,-6.81639e-01,3.99544e-03
1607,-3.64126e-01,-3.66273e-01,2.14647e-03
1608,3.15693e-08,0.00000e+00,3.15693e-08
1609,3.64126e-01,3.66273e-01,2.14641e-03
1610,6.77643e-01,6.81639e-01,3.99539e-03
1611,8.96977e-01,9.02268e-01,5.29089e-03
1612,9.91641e-01,9.97495e-01,5.85413e-03
1613,9.48477e-01,9.54086e-01,5.60848e-03
1614,7.73483e-01,7.78073e-01,4.59046e-03
1615,4.90975e-01,4.93920e-01,2.94497e-03
1616,1.40214e-01,1.41120e-01,9.05617e-04
1617,-2.30057e-01,-2.31294e-01,1.23704e-03
1618,-5.68387e-01,-5.71561e-01,3.17481e-03
1619,-8.27767e-01,-8.32391e-01,4.62323e-03
1620,-9.72171e-01,-9.77530e-01,5.35892e-03
1621,-9.81560e-01,-9.86808e-01,5.24748e-03
1622,-8.54677e-01,-8.58934e-01,4.25753e-03
1623,-6.09224e-01,-6.11682e-01,2.45826e-03
1624,-2.79415e-01,-2.79415e-01,1.82036e-09
1625,-9.66789e-01,-9.72884e-01,6.09452e-03
1626,-9.66789e-01,-9.72884e-01,6.09451e-03
1627,-9.66789e-01,-9.72884e-01,6.09445e-03
1628,-9.66789e-01,-9.72884e-01,6.09449e-03
1629,-9.66790e-01,-9.72884e-01,6.09440e-03
1630,-9.66789e-01,-9.72884e-01,6.09448e-03
1631,-9.66790e-01,-9.72884e-01,6.09444e-03
1632,-9.66789e-01,-9.72884e-01,6.09453e-03
1633,-9.66789e-01,-9.72884e-01,6.09453e-03
1634,-9.66789e-01,-9.72884e-01,6.09451e-03
1635,-9.66789e-01,-9.72884e-01,6.09449e-03
1636,-9.66789e-01,-9.72884e-01,6.09446e-03
1637,-9.66789e-01,-9.72884e-01,6.09446e-03
1638,-9.66789e-01,-9.72884e-01,6.09449e-03
1639,-9.66789e-01,-9.72884e-01,6.09452e-03
1640,-9.66789e-01,-9.72884e-01,6.09449e-03
1641,-9.66790e-01,-9.72884e-01,6.09444e-03
1642,-9.66790e-01,-9.72884e-01,6.09444e-03
1643,-9.66789e-01,-9.72884e-01,6.09448e-03
1644,-9.66789e-01,-9.72884e-01,6.09450e-03
1645,-9.66789e-01,-9.72884e-01,6.09448e-03
1646,-9.66789e-01,-9.72884e-01,6.09451e-03
1647,-9.66789e-01,-9.72884e-01,6.09453e-03
1648,-9.66789e-01,-9.72884e-01,6.09451e-03
1649,-9.66789e-01,-9.72884e-01,6.09451e-03
1650,-9.66790e-01,-9.72884e-01,6.09440e-03
1651,-9.66789e-01,-9.72884e-01,6.09447e-03
1652,-9.66789e-01,-9.72884e-01,6.09449e-03
1653,-9.66790e-01,-9.72884e-01,6.09440e-03
1654,-9.66789e-01,-9.72884e-01,6.09449e-03
1655,-9.66790e-01,-9.72884e-01,6.09438e-03
1656,-9.66789e-01,-9.72884e-01,6.09455e-03
1657,2.79415e-01,2.79415e-01,1.02525e-09
1658,6.09224e-01,6.11682e-01,2.45825e-03
1659,8.54677e-01,8.58934e-01,4.25753e-03
1660,9.81560e-01,9.86808e-01,5.24748e-03
1661,9.72171e-01,9.77530e-01,5.35891e-03
1662,8.27767e-01,8.32391e-01,4.62319e-03
1663,5.68387e-01,5.71561e-01,3.17479e-03
1664,2.30057e-01,2.31294e-01,1.23703e-03
1665,-1.40214e-01,-1.41120e-01,9.05617e-04
1666,-4.90975e-01,-4.93920e-01,2.94498e-03
1667,-7.73483e-01,-7.78073e-01,4.59048e-03
1668,-9.48477e-01,-9.54086e-01,5.60849e-03
1669,-9.91641e-01,-9.97495e-01,5.85415e-03
1670,-8.96977e-01,-9.02268e-01,5.29093e-03
1671,-6.77643e-01,-6.81639e-01,3.99543e-03
1672,-3.64126e-01,-3.66273e-01,2.14647e-03
1673,2.64703e-08,0.00000e+00,2.64703e-08
1674,3.64126e-01,3.66273e-01,2.14641e-03
1675,6.77643e-01,6.81639e-01,3.99538e-03
1676,8.96977e-01,9.02268e-01,5.29089e-03
1677,9.91641e-01,9.97495e-01,5.85412e-03
1678,9.48477e-01,9.54086e-01,5.60847e-03
1679,7.73483e-01,7.78073e-01,4.59045e-03
1680,4.90975e-01,4.93920e-01,2.94496e-03
1681,1.40214e-01,1.41120e-01,9.05613e-04
1682,-2.30057e-01,-2.31294e-01,1.23704e-03
1683,-5.68387e-01,-5.71561e-01,3.17481e-03
1684,-8.27767e-01,-8.32391e-01,4.62323e-03
1685,-9.72171e-01,-9.77530e-01,5.35892e-03
1686,-9.81560e-01,-9.86808e-01,5.24749e-03
1687,-8.54677e-01,-8.58934e-01,4.25754e-03
1688,-6.09224e-01,-6.11682e-01,2.45827e-03
1689,-2.79415e-01,-2.79415e-01,1.82036e-09
1690,-8.15173e-01,-8.20559e-01,5.38661e-03
1691,-8.15173e-01,-8.20559e-01,5.38660e-03
1692,-8.15173e-01,-8.20559e-01,5.38654e-03
1693,-8.15173e-01,-8.20559e-01,5.38656e-03
1694,-8.15173e-01,-8.20559e-01,5.38648e-03
1695,-8.15173e-01,-8.20559e-01,5.38654e-03
1696,-8.15173e-01,-8.20559e-01,5.38653e-03
1697,-8.15173e-01,-8.20559e-01,5.38660e-03
1698,-8.15173e-01,-8.20559e-01,5.38661e-03
1699,-8.15173e-01,-8.20559e-01,5.38660e-03
1700,-8.15173e-01,-8.20559e-01,5.38657e-03
1701,-8.15173e-01,-8.20559e-01,5.38654e-03
1702,-8.15173e-01,-8.20559e-01,5.38654e-03
1703,-8.15173e-01,-8.20559e-01,5.38658e-03
1704,-8.15173e-01,-8.20559e-01,5.38661e-03
1705,-8.15173e-01,-8.20559e-01,5.38657e-03
1706,-8.15173e-01,-8.20559e-01,5.38652e-03
1707,-8.15173e-01,-8.20559e-01,5.38651e-03
1708,-8.15173e-01,-8.20559e-01,5.38656e-03
1709,-8.15173e-01,-8.20559e-01,5.38658e-03
1710,-8.15173e-01,-8.20559e-01,5.38656e-03
1711,-8.15173e-01,-8.20559e-01,5.38659e-03
1712,-8.15173e-01,-8.20559e-01,5.38660e-03
1713,-8.15173e-01,-8.20559e-01,5.38659e-03
1714,-8.15173e-01,-8.20559e-01,5.38660e-03
1715,-8.15173e-01,-8.20559e-01,5.38649e-03
1716,-8.15173e-01,-8.20559e-01,5.38656e-03
1717,-8.15173e-01,-8.20559e-01,5.38657e-03
1718,-8.15173e-01,-8.20559e-01,5.38648e-03
1719,-8.15173e-01,-8.20559e-01,5.38658e-03
1720,-8.15173e-01,-8.20559e-01,5.38647e-03
1721,-8.15173e-01,-8.20559e-01,5.38662e-03
1722,2.79415e-01,2.79415e-01,1.02525e-09
1723,6.09224e-01,6.11682e-01,2.45826e-03
1724,8.54677e-01,8.58934e-01,4.25754e-03
1725,9.81560e-01,9.86808e-01,5.24749e-03
1726,9.72171e-01,9.77530e-01,5.35891e-03
1727,8.27767e-01,8.32391e-01,4.62319e-03
1728,5.68387e-01,5.71561e-01,3.17478e-03
1729,2.30057e-01,2.31294e-01,1.23702e-03
1730,-1.40214e-01,-1.41120e-01,9.05623e-04
1731,-4.90975e-01,-4.93920e-01,2.94498e-03
1732,-7.73483e-01,-7.78073e-01,4.59048e-03
1733,-9.48477e-01,-9.54086e-01,5.60849e-03
1734,-9.91641e-01,-9.97495e-01,5.85415e-03
1735,-8.96977e-01,-9.02268e-01,5.29093e-03
1736,-6.77643e-01,-6.81639e-01,3.99543e-03
1737,-3.64126e-01,-3.66273e-01,2.14645e-03
1738,1.29320e-08,0.00000e+00,1.29320e-08
1739,3.64126e-01,3.66273e-01,2.14643e-03
1740,6.77643e-01,6.81639e-01,3.99539e-03
1741,8.96977e-01,9.02268e-01,5.29089e-03
1742,9.91641e-01,9.97495e-01,5.85412e-03
1743,9.48477e-01,9.54086e-01,5.60847e-03
1744,7.73483e-01,7.78073e-01,4.59045e-03
1745,4.90975e-01,4.93920e-01,2.94496e-03
1746,1.40214e-01,1.41120e-01,9.05611e-04
1747,-2.30057e-01,-2.31294e-01,1.23704e-03
1748,-5.68387e-01,-5.71561e-01,3.17481e-03
1749,-8.27767e-01,-8.32391e-01,4.62323e-03
1750,-9.72171e-01,-9.77530e-01,5.35892e-03
1751,-9.81560e-01,-9.86808e-01,5.24749e-03
1752,-8.54677e-01,-8.58934e-01,4.25754e-03
1753,-6.09224e-01,-6.11682e-01,2.45827e-03
1754,-2.79415e-01,-2.79415e-01,1.82036e-09
1755,-5.50094e-01,-5.54190e-01,4.09550e-03
1756,-5.50094e-01,-5.54190e-01,4.09549e-03
1757,-5.50094e-01,-5.54190e-01,4.09544e-03
1758,-5.50094e-01,-5.54190e-01,4.09544e-03
1759,-5.50094e-01,-5.54190e-01,4.09537e-03
1760,-5.50094e-01,-5.54190e-01,4.09541e-03
1761,-5.50094e-01,-5.54190e-01,4.09541e-03
1762,-5.50094e-01,-5.54190e-01,4.09547e-03
1763,-5.50094e-01,-5.54190e-01,4.09549e-03
1764,-5.50094e-01,-5.54190e-01,4.09548e-03
1765,-5.50094e-01,-5.54190e-01,4.09545e-03
1766,-5.50094e-01,-5.54190e-01,4.09542e-03
1767,-5.50094e-01,-5.54190e-01,4.09543e-03
1768,-5.50094e-01,-5.54190e-01,4.09547e-03
1769,-5.50094e-01,-5.54190e-01,4.09550e-03
1770,-5.50094e-01,-5.54190e-01,4.09546e-03
1771,-5.50094e-01,-5.54190e-01,4.09540e-03
1772,-5.50094e-01,-5.54190e-01,4.09540e-03
1773,-5.50094e-01,-5.54190e-01,4.09544e-03
1774,-5.50094e-01,-5.54190e-01,4.09546e-03
1775,-5.50094e-01,-5.54190e-01,4.09545e-03
1776,-5.50094e-01,-5.54190e-01,4.09547e-03
1777,-5.50094e-01,-5.54190e-01,4.09547e-03
1778,-5.50094e-01,-5.54190e-01,4.09547e-03
1779,-5.50094e-01,-5.54190e-01,4.09549e-03
1780,-5.50094e-01,-5.54190e-01,4.09538e-03
1781,-5.50094e-01,-5.54190e-01,4.09544e-03
1782,-5.50094e-01,-5.54190e-01,4.09546e-03
1783,-5.50094e-01,-5.54190e-01,4.09537e-03
1784,-5.50094e-01,-5.54190e-01,4.09546e-03
1785,-5.50094e-01,-5.54190e-01,4.09536e-03
1786,-5.50094e-01,-5.54190e-01,4.09549e-03
1787,2.79415e-01,2.79415e-01,1.02525e-09
1788,6.09224e-01,6.11682e-01,2.45827e-03
1789,8.54677e-01,8.58934e-01,4.25756e-03
1790,9.81560e-01,9.86808e-01,5.24751e-03
1791,9.72171e-01,9.77530e-01,5.35893e-03
1792,8.27767e-01,8.32391e-01,4.62320e-03
1793,5.68387e-01,5.71561e-01,3.17479e-03
1794,2.30057e-01,2.31294e-01,1.23702e-03
1795,-1.40214e-01,-1.41120e-01,9.05620e-04
1796,-4.90975e-01,-4.93920e-01,2.94498e-03
1797,-7.73483e-01,-7.78073e-01,4.59047e-03
1798,-9.48477e-01,-9.54086e-01,5.60849e-03
1799,-9.91641e-01,-9.97495e-01,5.85415e-03
1800,-8.96977e-01,-9.02268e-01,5.29093e-03
1801,-6.77643e-01,-6.81639e-01,3.99542e-03
1802,-3.64126e-01,-3.66273e-01,2.14644e-03
1803,-8.85947e-10,0.00000e+00,8.85947e-10
1804,3.64126e-01,3.66273e-01,2.14644e-03
1805,6.77643e-01,6.81639e-01,3.99541e-03
1806,8.96977e-01,9.02268e-01,5.29091e-03
1807,9.91641e-01,9.97495e-01,5.85413e-03
1808,9.48477e-01,9.54086e-01,5.60849e-03
1809,7.73483e-01,7.78073e-01,4.59047e-03
1810,4.90975e-01,4.93920e-01,2.94498e-03
1811,1.40214e-01,1.41120e-01,9.05618e-04
1812,-2.30057e-01,-2.31294e-01,1.23703e-03
1813,-5.68387e-01,-5.71561e-01,3.17480e-03
1814,-8.27767e-01,-8.32391e-01,4.62322e-03
1815,-9.72171e-01,-9.77530e-01,5.35892e-03
1816,-9.81560e-01,-9.86808e-01,5.24750e-03
1817,-8.54677e-01,-8.58934e-01,4.25754e-03
1818,-6.09224e-01,-6.11682e-01,2.45826e-03
1819,-2.79415e-01,-2.79415e-01,1.82036e-09
1820,-2.08319e-01,-2.10796e-01,2.47637e-03
1821,-2.08319e-01,-2.10796e-01,2.47637e-03
1822,-2.08319e-01,-2.10796e-01,2.47633e-03
1823,-2.08319e-01,-2.10796e-01,2.47632e-03
1824,-2.08320e-01,-2.10796e-01,2.47627e-03
1825,-2.08320e-01,-2.10796e-01,2.47629e-03
1826,-2.08320e-01,-2.10796e-01,2.47630e-03
1827,-2.08319e-01,-2.10796e-01,2.47634e-03
1828,-2.08319e-01,-2.10796e-01,2.47636e-03
1829,-2.08319e-01,-2.10796e-01,2.47636e-03
1830,-2.08319e-01,-2.10796e-01,2.47632e-03
1831,-2.08320e-01,-2.10796e-01,2.47629e-03
1832,-2.08319e-01,-2.10796e-01,2.47630e-03
1833,-2.08319e-01,-2.10796e-01,2.47635e-03
1834,-2.08319e-01,-2.10796e-01,2.47638e-03
1835,-2.08319e-01,-2.10796e-01,2.47634e-03
1836,-2.08320e-01,-2.10796e-01,2.47628e-03
1837,-2.08320e-01,-2.10796e-01,2.47627e-03
1838,-2.08319e-01,-2.10796e-01,2.47633e-03
1839,-2.08319e-01,-2.10796e-01,2.47634e-03
1840,-2.08319e-01,-2.10796e-01,2.47632e-03
1841,-2.08319e-01,-2.10796e-01,2.47634e-03
1842,-2.08319e-01,-2.10796e-01,2.47635e-03
1843,-2.08319e-01,-2.10796e-01,2.47635e-03
1844,-2.08319e-01,-2.10796e-01,2.47638e-03
1845,-2.08320e-01,-2.10796e-01,2.47627e-03
1846,-2.08319e-01,-2.10796e-01,2.47632e-03
1847,-2.08319e-01,-2.10796e-01,2.47633e-03
1848,-2.08320e-01,-2.10796e-01,2.47626e-03
1849,-2.08319e-01,-2.10796e-01,2.47633e-03
1850,-2.08320e-01,-2.10796e-01,2.47623e-03
1851,-2.08319e-01,-2.10796e-01,2.47636e-03
1852,2.79415e-01,2.79415e-01,1.02525e-09
1853,6.09224e-01,6.11682e-01,2.45827e-03
1854,8.54677e-01,8.58934e-01,4.25757e-03
1855,9.81560e-01,9.86808e-01,5.24752e-03
1856,9.72171e-01,9.77530e-01,5.35895e-03
1857,8.27767e-01,8.32391e-01,4.62322e-03
1858,5.68387e-01,5.71561e-01,3.17480e-03
1859,2.30057e-01,2.31294e-01,1.23704e-03
1860,-1.40214e-01,-1.41120e-01,9.05610e-04
1861,-4.90975e-01,-4.93920e-01,2.94497e-03
1862,-7.73483e-01,-7.78073e-01,4.59046e-03
1863,-9.48477e-01,-9.54086e-01,5.60849e-03
1864,-9.91641e-01,-9.97495e-01,5.85414e-03
1865,-8.96977e-01,-9.02268e-01,5.29093e-03
1866,-6.77643e-01,-6.81639e-01,3.99542e-03
1867,-3.64126e-01,-3.66273e-01,2.14644e-03
1868,-5.51216e-09,0.00000e+00,5.51216e-09
1869,3.64126e-01,3.66273e-01,2.14644e-03
1870,6.77643e-01,6.81639e-01,3.99541e-03
1871,8.96977e-01,9.02268e-01,5.29091e-03
1872,9.91641e-01,9.97495e-01,5.85414e-03
1873,9.48477e-01,9.54086e-01,5.60850e-03
1874,7.73483e-01,7.78073e-01,4.59049e-03
1875,4.90975e-01,4.93920e-01,2.94499e-03
1876,1.40214e-01,1.41120e-01,9.05630e-04
1877,-2.30057e-01,-2.31294e-01,1.23702e-03
1878,-5.68387e-01,-5.71561e-01,3.17478e-03
1879,-8.27767e-01,-8.32391e-01,4.62320e-03
1880,-9.72171e-01,-9.77530e-01,5.35892e-03
1881,-9.81560e-01,-9.86808e-01,5.24750e-03
1882,-8.54677e-01,-8.58934e-01,4.25751e-03
1883,-6.09224e-01,-6.11682e-01,2.45826e-03
1884,-2.79415e-01,-2.79415e-01,1.82036e-09
1885,1.62760e-01,1.61895e-01,8.64739e-04
1886,1.62760e-01,1.61895e-01,8.64745e-04
1887,1.62760e-01,1.61895e-01,8.64717e-04
1888,1.62760e-01,1.61895e-01,8.64706e-04
1889,1.62760e-01,1.61895e-01,8.64669e-04
1890,1.62760e-01,1.61895e-01,8.64670e-04
1891,1.62760e-01,1.61895e-01,8.64687e-04
1892,1.62760e-01,1.61895e-01,8.64719e-04
1893,1.62760e-01,1.61895e-01,8.64741e-04
1894,1.62760e-01,1.61895e-01,8.64737e-04
1895,1.62760e-01,1.61895e-01,8.64704e-04
1896,1.62760e-01,1.61895e-01,8.64673e-04
1897,1.62760e-01,1.61895e-01,8.64681e-04
1898,1.62760e-01,1.61895e-01,8.64724e-04
1899,1.62760e-01,1.61895e-01,8.64750e-04
1900,1.62760e-01,1.61895e-01,8.64714e-04
1901,1.62760e-01,1.61895e-01,8.64656e-04
1902,1.62760e-01,1.61895e-01,8.64659e-04
1903,1.62760e-01,1.61895e-01,8.64711e-04
1904,1.62760e-01,1.61895e-01,8.64723e-04
1905,1.62760e-01,1.61895e-01,8.64700e-04
1906,1.62760e-01,1.61895e-01,8.64717e-04
1907,1.62760e-01,1.61895e-01,8.64727e-04
1908,1.62760e-01,1.61895e-01,8.64736e-04
1909,1.62760e-01,1.61895e-01,8.64762e-04
1910,1.62760e-01,1.61895e-01,8.64652e-04
1911,1.62760e-01,1.61895e-01,8.64704e-04
1912,1.62760e-01,1.61895e-01,8.64739e-04
1913,1.62760e-01,1.61895e-01,8.64652e-04
1914,1.62760e-01,1.61895e-01,8.64685e-04
1915,1.62760e-01,1.61895e-01,8.64625e-04
1916,1.62760e-01,1.61895e-01,8.64728e-04
1917,2.79415e-01,2.79415e-01,1.02525e-09
1918,6.09224e-01,6.11682e-01,2.45826e-03
1919,8.54677e-01,8.58934e-01,4.25756e-03
1920,9.81560e-01,9.86808e-01,5.24752e-03
1921,9.72171e-01,9.77530e-01,5.35894e-03
1922,8.27767e-01,8.32391e-01,4.62322e-03
1923,5.68387e-01,5.71561e-01,3.17480e-03
1924,2.30057e-01,2.31294e-01,1.23703e-03
1925,-1.40214e-01,-1.41120e-01,9.05614e-04
1926,-4.90975e-01,-4.93920e-01,2.94497e-03
1927,-7.73483e-01,-7.78073e-01,4.59046e-03
1928,-9.48477e-01,-9.54086e-01,5.60848e-03
1929,-9.91641e-01,-9.97495e-01,5.85414e-03
1930,-8.96977e-01,-9.02268e-01,5.29093e-03
1931,-6.77643e-01,-6.81639e-01,3.99542e-03
1932,-3.64126e-01,-3.66273e-01,2.14644e-03
1933,-7.94487e-09,0.00000e+00,7.94487e-09
1934,3.64126e-01,3.66273e-01,2.14644e-03
1935,6.77643e-01,6.81639e-01,3.99540e-03
1936,8.96977e-01,9.02268e-01,5.29090e-03
1937,9.91641e-01,9.97495e-01,5.85413e-03
1938,9.48477e-01,9.54086e-01,5.60849e-03
1939,7.73483e-01,7.78073e-01,4.59048e-03
1940,4.90975e-01,4.93920e-01,2.94498e-03
1941,1.40214e-01,1.41120e-01,9.05617e-04
1942,-2.30057e-01,-2.31294e-01,1.23700e-03
1943,-5.68387e-01,-5.71561e-01,3.17476e-03
1944,-8.27767e-01,-8.32391e-01,4.62322e-03
1945,-9.72171e-01,-9.77530e-01,5.35890e-03
1946,-9.81560e-01,-9.86808e-01,5.24745e-03
1947,-8.54677e-01,-8.58934e-01,4.25751e-03
1948,-6.09224e-01,-6.11682e-01,2.45826e-03
1949,-2.79415e-01,-2.79415e-01,1.82036e-09
1950,5.11731e-01,5.12085e-01,3.54278e-04
1951,5.11731e-01,5.12085e-01,3.54276e-04
1952,5.11731e-01,5.12085e-01,3.54283e-04
1953,5.11731e-01,5.12085e-01,3.54300e-04
1954,5.11731e-01,5.12085e-01,3.54321e-04
1955,5.11731e-01,5.12085e-01,3.54331e-04
1956,5.11731e-01,5.12085e-01,3.54318e-04
1957,5.11731e-01,5.12085e-01,3.54297e-04
1958,5.11731e-01,5.12085e-01,3.54276e-04
1959,5.11731e-01,5.12085e-01,3.54276e-04
1960,5.11731e-01,5.12085e-01,3.54301e-04
1961,5.11731e-01,5.12085e-01,3.54327e-04
1962,5.11731e-01,5.12085e-01,3.54320e-04
1963,5.11731e-01,5.12085e-01,3.54282e-04
1964,5.11731e-01,5.12085e-01,3.54261e-04
1965,5.11731e-01,5.12085e-01,3.54294e-04
1966,5.11731e-01,5.12085e-01,3.54342e-04
1967,5.11731e-01,5.12085e-01,3.54334e-04
1968,5.11731e-01,5.12085e-01,3.54288e-04
1969,5.11731e-01,5.12085e-01,3.54288e-04
1970,5.11731e-01,5.12085e-01,3.54320e-04
1971,5.11731e-01,5.12085e-01,3.54302e-04
1972,5.11731e-01,5.12085e-01,3.54277e-04
1973,5.11731e-01,5.12085e-01,3.54272e-04
1974,5.11731e-01,5.12085e-01,3.54276e-04
1975,5.11731e-01,5.12085e-01,3.54353e-04
1976,5.11731e-01,5.12085e-01,3.54266e-04
1977,5.11731e-01,5.12085e-01,3.54279e-04
1978,5.11731e-01,5.12085e-01,3.54358e-04
1979,5.11731e-01,5.12085e-01,3.54301e-04
1980,5.11731e-01,5.12085e-01,3.54355e-04
1981,5.11731e-01,5.12085e-01,3.54266e-04
1982,2.79415e-01,2.79415e-01,1.02525e-09
1983,6.09224e-01,6.11682e-01,2.45826e-03
1984,8.54677e-01,8.58934e-01,4.25755e-03
1985,9.81560e-01,9.86808e-01,5.24751e-03
1986,9.72171e-01,9.77530e-01,5.35893e-03
1987,8.27767e-01,8.32391e-01,4.62321e-03
1988,5.68387e-01,5.71561e-01,3.17477e-03
1989,2.30057e-01,2.31294e-01,1.23700e-03
1990,-1.40214e-01,-1.41120e-01,9.05648e-04
1991,-4.90975e-01,-4.93920e-01,2.94500e-03
1992,-7.73483e-01,-7.78073e-01,4.59048e-03
1993,-9.48477e-01,-9.54086e-01,5.60849e-03
1994,-9.91641e-01,-9.97495e-01,5.85415e-03
1995,-8.96977e-01,-9.02268e-01,5.29093e-03
1996,-6.77643e-01,-6.81639e-01,3.99542e-03
1997,-3.64126e-01,-3.66273e-01,2.14642e-03
1998,-2.73786e-08,0.00000e+00,2.73786e-08
1999,3.64126e-01,3.66273e-01,2.14645e-03
2000,6.77643e-01,6.81639e-01,3.99540e-03
2001,8.96977e-01,9.02268e-01,5.29090e-03
2002,9.91641e-01,9.97495e-01,5.85413e-03
2003,9.48477e-01,9.54086e-01,5.60848e-03
2004,7.73483e-01,7.78073e-01,4.59044e-03
2005,4.90975e-01,4.93920e-01,2.94493e-03
2006,1.40214e-01,1.41120e-01,9.05608e-04
2007,-2.30057e-01,-2.31294e-01,1.23704e-03
2008,-5.68386e-01,-5.71561e-01,3.17483e-03
2009,-8.27767e-01,-8.32391e-01,4.62322e-03
2010,-9.72171e-01,-9.77530e-01,5.35892e-03
2011,-9.81560e-01,-9.86808e-01,5.24746e-03
2012,-8.54677e-01,-8.58934e-01,4.25752e-03
2013,-6.09224e-01,-6.11682e-01,2.45828e-03
2014,-2.79415e-01,-2.79415e-01,1.82036e-09
2015,7.90327e-01,7.91104e-01,7.76288e-04
2016,7.90327e-01,7.91104e-01,7.76288e-04
2017,7.90327e-01,7.91104e-01,7.76287e-04
2018,7.90327e-01,7.91104e-01,7.76300e-04
2019,7.90327e-01,7.91104e-01,7.76312e-04
2020,7.90327e-01,7.91104e-01,7.76321e-04
2021,7.90327e-01,7.91104e-01,7.76319e-04
2022,7.90327e-01,7.91104e-01,7.76310e-04
2023,7.90327e-01,7.91104e-01,7.76300e-04
2024,7.90327e-01,7.91104e-01,7.76299e-04
2025,7.90327e-01,7.91104e-01,7.76313e-04
2026,7.90327e-01,7.91104e-01,7.76326e-04
2027,7.90327e-01,7.91104e-01,7.76318e-04
2028,7.90327e-01,7.91104e-01,7.76291e-04
2029,7.90327e-01,7.91104e-01,7.76277e-04
2030,7.90327e-01,7.91104e-01,7.76299e-04
2031,7.90327e-01,7.91104e-01,7.76325e-04
2032,7.90327e-01,7.91104e-01,7.76308e-04
2033,7.90327e-01,7.91104e-01,7.76279e-04
2034,7.90327e-01,7.91104e-01,7.76301e-04
2035,7.90327e-01,7.91104e-01,7.76327e-04
2036,7.90327e-01,7.91104e-01,7.76290e-04
2037,7.90327e-01,7.91104e-01,7.76286e-04
2038,7.90327e-01,7.91104e-01,7.76318e-04
2039,7.90327e-01,7.91104e-01,7.76287e-04
2040,7.90327e-01,7.91104e-01,7.76345e-04
2041,7.90327e-01,7.91104e-01,7.76291e-04
2042,7.90327e-01,7.91104e-01,7.76284e-04
2043,7.90327e-01,7.91104e-01,7.76385e-04
2044,7.90327e-01,7.91104e-01,7.76272e-04
2045,7.90327e-01,7.91104e-01,7.76312e-04
2046,7.90327e-01,7.91104e-01,7.76268e-04
2047,2.79415e-01,2.79415e-01,1.02525e-09
2048,6.09224e-01,6.11682e-01,2.45827e-03
2049,8.54677e-01,8.58934e-01,4.25756e-03
2050,9.81560e-01,9.86808e-01,5.24754e-03
2051,9.72171e-01,9.77530e-01,5.35896e-03
2052,8.27767e-01,8.32391e-01,4.62325e-03
2053,5.68387e-01,5.71561e-01,3.17482e-03
2054,2.30057e-01,2.31294e-01,1.23704e-03
2055,-1.40214e-01,-1.41120e-01,9.05619e-04
2056,-4.90975e-01,-4.93920e-01,2.94498e-03
2057,-7.73483e-01,-7.78073e-01,4.59047e-03
2058,-9.48477e-01,-9.54086e-01,5.60850e-03
2059,-9.91641e-01,-9.97495e-01,5.85417e-03
2060,-8.96977e-01,-9.02268e-01,5.29096e-03
2061,-6.77643e-01,-6.81639e-01,3.99544e-03
2062,-3.64126e-01,-3.66273e-01,2.14644e-03
2063,-1.21664e-08,0.00000e+00,1.21664e-08
2064,3.64126e-01,3.66273e-01,2.14644e-03
2065,6.77643e-01,6.81639e-01,3.99541e-03
2066,8.96977e-01,9.02268e-01,5.29094e-03
2067,9.91641e-01,9.97495e-01,5.85416e-03
2068,9.48477e-01,9.54086e-01,5.60849e-03
2069,7.73483e-01,7.78073e-01,4.59048e-03
2070,4.90975e-01,4.93920e-01,2.94499e-03
2071,1.40214e-01,1.41120e-01,9.05613e-04
2072,-2.30057e-01,-2.31294e-01,1.23703e-03
2073,-5.68386e-01,-5.71561e-01,3.17483e-03
2074,-8.27767e-01,-8.32391e-01,4.62323e-03
2075,-9.72171e-01,-9.77530e-01,5.35891e-03
2076,-9.81560e-01,-9.86808e-01,5.24756e-03
2077,-8.54677e-01,-8.58934e-01,4.25757e-03
2078,-6.09224e-01,-6.11682e-01,2.45829e-03
2079,-2.79415e-01,-2.79415e-01,1.82036e-09
2080,9.60170e-01,9.60170e-01,5.66699e-11
2081,9.60170e-01,9.60170e-01,5.66699e-11
2082,9.60170e-01,9.60170e-01,5.66699e-11
2083,9.60170e-01,9.60170e-01,5.66699e-11
2084,9.60170e-01,9.60170e-01,5.66699e-11
2085,9.60170e-01,9.60170e-01,5.66699e-11
2086,9.60170e-01,9.60170e-01,5.66699e-11
2087,9.60170e-01,9.60170e-01,5.66699e-11
2088,9.60170e-01,9.60170e-01,5.66699e-11
2089,9.60170e-01,9.60170e-01,5.66699e-11
2090,9.60170e-01,9.60170e-01,5.66699e-11
2091,9.60170e-01,9.60170e-01,5.66699e-11
2092,9.60170e-01,9.60170e-01,5.66699e-11
2093,9.60170e-01,9.60170e-01,5.66699e-11
2094,9.60170e-01,9.60170e-01,5.66699e-11
2095,9.60170e-01,9.60170e-01,5.66699e-11
2096,9.60170e-01,9.60170e-01,5.66699e-11
2097,9.60170e-01,9.60170e-01,5.66699e-11
2098,9.60170e-01,9.60170e-01,5.66699e-11
2099,9.60170e-01,9.60170e-01,5.66699e-11
2100,9.60170e-01,9.60170e-01,5.66699e-11
2101,9.60170e-01,9.60170e-01,5.66699e-11
2102,9.60170e-01,9.60170e-01,5.66699e-11
2103,9.60170e-01,9.60170e-01,5.66699e-11
2104,9.60170e-01,9.60170e-01,5.66699e-11
2105,9.60170e-01,9.60170e-01,5.66699e-11
2106,9.60170e-01,9.60170e-01,5.66699e-11
2107,9.60170e-01,9.60170e-01,5.66699e-11
2108,9.60170e-01,9.60170e-01,5.66699e-11
2109,9.60170e-01,9.60170e-01,5.66699e-11
2110,9.60170e-01,9.60170e-01,5.66699e-11
2111,9.60170e-01,9.60170e-01,5.66699e-11
